order_id,date,product,category,unit_price,quantity,discount_pct,total_amount,region,payment_method,customer_segment
ORD-10894,2025-01-01,Bluetooth Speaker,Electronics,1907.09,2,0,3814.18,Central,Debit Card,Wholesale
ORD-10933,2025-01-01,Cotton T-Shirt,Clothing,628.74,2,5,1194.6,South,Credit Card,Returning
ORD-10611,2025-01-01,Air Purifier,Home & Kitchen,6211.01,2,5,11800.92,South,Debit Card,Premium
ORD-10361,2025-01-02,Wireless Headphones,Electronics,2844.78,1,20,2275.83,North,Debit Card,Returning
ORD-10087,2025-01-02,Clean Code,Books,723.68,1,20,578.94,South,Net Banking,Returning
ORD-10279,2025-01-02,Vacuum Cleaner,Home & Kitchen,3965.9,1,5,3767.6,West,Credit Card,Wholesale
ORD-10451,2025-01-04,Denim Jeans,Clothing,1267.14,3,0,3801.41,Central,Debit Card,Returning
ORD-10680,2025-01-04,Coffee Maker,Home & Kitchen,2013.76,1,20,1611.01,West,Cash on Delivery,Premium
ORD-10997,2025-01-05,USB-C Hub,Electronics,1274.88,2,15,2167.29,South,UPI,Returning
ORD-10176,2025-01-05,Atomic Habits,Books,395.68,1,0,395.68,Central,Cash on Delivery,Wholesale
ORD-10849,2025-01-05,Python Crash Course,Books,512.66,1,0,512.66,West,Debit Card,Wholesale
ORD-10571,2025-01-05,Formal Shirt,Clothing,1430.91,1,0,1430.91,East,Net Banking,Premium
ORD-10462,2025-01-06,Air Purifier,Home & Kitchen,5021.46,1,10,4519.32,North,Cash on Delivery,Premium
ORD-10839,2025-01-07,Data Science Handbook,Books,791.16,1,15,672.48,North,Debit Card,New
ORD-10952,2025-01-08,Clean Code,Books,608.94,2,0,1217.87,West,Net Banking,New
ORD-10832,2025-01-09,Bluetooth Speaker,Electronics,2111.25,2,0,4222.5,East,UPI,Returning
ORD-10132,2025-01-09,Vacuum Cleaner,Home & Kitchen,4849.89,1,5,4607.39,North,UPI,Returning
ORD-10369,2025-01-09,Atomic Habits,Books,447.51,3,15,1141.16,West,Net Banking,Premium
ORD-10991,2025-01-10,Smart Watch,Electronics,4656.59,1,0,4656.59,East,Cash on Delivery,New
ORD-10665,2025-01-10,Cotton T-Shirt,Clothing,707.91,1,0,707.91,South,Credit Card,Premium
ORD-10942,2025-01-12,Coffee Maker,Home & Kitchen,2017.72,3,0,6053.17,West,Cash on Delivery,Premium
ORD-10713,2025-01-12,Air Purifier,Home & Kitchen,6653.3,1,5,6320.64,South,Cash on Delivery,Wholesale
ORD-10523,2025-01-13,Smart Watch,Electronics,5429.11,1,15,4614.75,East,UPI,New
ORD-10768,2025-01-13,Vacuum Cleaner,Home & Kitchen,3944.75,1,0,3944.75,North,Credit Card,Premium
ORD-10206,2025-01-13,Clean Code,Books,789.17,1,10,710.25,North,Cash on Delivery,Premium
ORD-10066,2025-01-14,Cotton T-Shirt,Clothing,529.01,1,10,476.11,East,Cash on Delivery,New
ORD-10930,2025-01-14,Denim Jeans,Clothing,1345.27,2,0,2690.54,East,Credit Card,Premium
ORD-10127,2025-01-15,Python Crash Course,Books,572.58,2,20,916.12,East,Debit Card,Wholesale
ORD-10184,2025-01-15,Clean Code,Books,785.54,1,5,746.27,South,Credit Card,Premium
ORD-10681,2025-01-16,Coffee Maker,Home & Kitchen,2570.58,2,15,4369.98,Central,Net Banking,Returning
ORD-10455,2025-01-17,Data Science Handbook,Books,785.58,1,20,628.47,South,Net Banking,Returning
ORD-10486,2025-01-18,Cotton T-Shirt,Clothing,529.97,1,15,450.47,East,Cash on Delivery,Wholesale
ORD-10877,2025-01-19,USB-C Hub,Electronics,1492.08,1,0,1492.08,West,Credit Card,New
ORD-10783,2025-01-19,Bluetooth Speaker,Electronics,1880.38,1,0,1880.38,North,Cash on Delivery,New
ORD-10529,2025-01-20,Winter Jacket,Clothing,4532.93,1,5,4306.29,South,UPI,Wholesale
ORD-10924,2025-01-20,Formal Shirt,Clothing,1113.95,1,0,1113.95,East,Credit Card,New
ORD-10007,2025-01-21,Running Shoes,Clothing,2883.22,2,10,5189.79,South,UPI,Premium
ORD-10059,2025-01-21,Iron Press,Home & Kitchen,1048.94,2,15,1783.2,East,Debit Card,New
ORD-10428,2025-01-22,System Design,Books,690.7,3,20,1657.69,West,Cash on Delivery,Wholesale
ORD-10034,2025-01-22,Bluetooth Speaker,Electronics,1977.54,3,20,4746.1,East,Credit Card,New
ORD-10663,2025-01-23,Blender,Home & Kitchen,1727.55,3,0,5182.64,East,Debit Card,Premium
ORD-10805,2025-01-25,Data Science Handbook,Books,666.36,2,10,1199.44,South,Net Banking,Returning
ORD-10518,2025-01-26,Data Science Handbook,Books,651.64,1,0,651.64,East,UPI,Wholesale
ORD-10438,2025-01-27,Coffee Maker,Home & Kitchen,2700.09,2,20,4320.14,Central,Credit Card,New
ORD-10221,2025-01-28,Data Science Handbook,Books,847.49,1,0,847.49,Central,Cash on Delivery,New
ORD-10961,2025-01-28,Coffee Maker,Home & Kitchen,2713.81,1,20,2171.05,North,Cash on Delivery,Wholesale
ORD-10151,2025-01-28,Cotton T-Shirt,Clothing,572.9,1,5,544.26,South,UPI,New
ORD-10850,2025-01-29,Cotton T-Shirt,Clothing,693.39,1,0,693.39,Central,Cash on Delivery,Premium
ORD-10204,2025-01-29,Denim Jeans,Clothing,1719.69,3,0,5159.06,West,Credit Card,Premium
ORD-10421,2025-02-02,Clean Code,Books,808.76,2,15,1374.89,West,Debit Card,Wholesale
ORD-10697,2025-02-02,Blender,Home & Kitchen,1741.44,1,0,1741.44,East,Cash on Delivery,Premium
ORD-10157,2025-02-02,Denim Jeans,Clothing,1272.93,2,5,2418.57,South,Net Banking,New
ORD-10168,2025-02-04,Denim Jeans,Clothing,1725.58,1,10,1553.03,East,Credit Card,Wholesale
ORD-10080,2025-02-04,System Design,Books,682.0,1,10,613.8,East,Debit Card,New
ORD-10452,2025-02-04,Python Crash Course,Books,440.01,1,5,418.01,East,UPI,Returning
ORD-10981,2025-02-04,Data Science Handbook,Books,680.4,1,20,544.32,South,Net Banking,Wholesale
ORD-10720,2025-02-04,Iron Press,Home & Kitchen,1172.64,3,0,3517.93,East,Net Banking,Premium
ORD-10527,2025-02-05,Denim Jeans,Clothing,1210.68,1,20,968.54,East,UPI,Premium
ORD-10755,2025-02-05,System Design,Books,566.24,2,15,962.61,East,Cash on Delivery,Returning
ORD-10205,2025-02-05,Bluetooth Speaker,Electronics,1737.95,1,0,1737.95,South,Cash on Delivery,Returning
ORD-10764,2025-02-06,Iron Press,Home & Kitchen,959.64,1,0,959.64,Central,Credit Card,Premium
ORD-10466,2025-02-06,Bluetooth Speaker,Electronics,1797.15,1,10,1617.43,South,UPI,Returning
ORD-10367,2025-02-06,Iron Press,Home & Kitchen,965.48,1,15,820.66,North,Debit Card,Returning
ORD-10431,2025-02-07,Formal Shirt,Clothing,1550.93,3,10,4187.52,Central,Credit Card,Wholesale
ORD-10339,2025-02-08,Running Shoes,Clothing,2575.62,2,15,4378.55,South,Net Banking,Returning
ORD-10657,2025-02-08,Python Crash Course,Books,594.22,1,5,564.5,East,Net Banking,Wholesale
ORD-10814,2025-02-08,Formal Shirt,Clothing,1555.3,1,0,1555.3,South,Cash on Delivery,New
ORD-10514,2025-02-08,Coffee Maker,Home & Kitchen,2575.67,3,0,7727.02,West,Cash on Delivery,Premium
ORD-10878,2025-02-08,System Design,Books,543.12,2,0,1086.25,Central,Cash on Delivery,Returning
ORD-10964,2025-02-10,System Design,Books,606.98,1,20,485.58,South,Net Banking,Premium
ORD-10125,2025-02-10,Bluetooth Speaker,Electronics,1848.64,1,5,1756.2,South,Net Banking,Premium
ORD-10150,2025-02-10,Winter Jacket,Clothing,3898.49,3,5,11110.7,Central,Credit Card,Wholesale
ORD-10186,2025-02-11,Wireless Headphones,Electronics,2177.57,2,20,3484.12,East,Cash on Delivery,Premium
ORD-10817,2025-02-11,Winter Jacket,Clothing,3380.43,1,0,3380.43,Central,Debit Card,Returning
ORD-10709,2025-02-12,Cotton T-Shirt,Clothing,526.23,2,0,1052.46,West,UPI,Returning
ORD-10097,2025-02-13,Clean Code,Books,642.05,3,10,1733.53,North,Credit Card,New
ORD-10908,2025-02-13,Python Crash Course,Books,417.43,1,0,417.43,Central,Cash on Delivery,Wholesale
ORD-10223,2025-02-13,Wireless Headphones,Electronics,2687.06,2,10,4836.71,North,Debit Card,Returning
ORD-10710,2025-02-13,Smart Watch,Electronics,5252.89,1,0,5252.89,East,Credit Card,New
ORD-10215,2025-02-14,Data Science Handbook,Books,807.64,1,20,646.11,Central,Cash on Delivery,Premium
ORD-10460,2025-02-15,Wireless Headphones,Electronics,2384.66,1,0,2384.66,West,UPI,New
ORD-10980,2025-02-15,Clean Code,Books,632.08,2,10,1137.75,South,Credit Card,Returning
ORD-10579,2025-02-16,Denim Jeans,Clothing,1395.15,1,20,1116.12,East,Net Banking,Wholesale
ORD-10927,2025-02-16,Smart Watch,Electronics,5073.54,2,5,9639.72,West,Net Banking,Returning
ORD-10644,2025-02-16,Mechanical Keyboard,Electronics,4050.81,1,15,3443.19,East,Credit Card,New
ORD-10158,2025-02-17,Vacuum Cleaner,Home & Kitchen,4412.98,2,0,8825.95,Central,Credit Card,New
ORD-10617,2025-02-17,Atomic Habits,Books,440.52,2,10,792.94,West,Credit Card,Returning
ORD-10454,2025-02-18,Vacuum Cleaner,Home & Kitchen,3735.22,3,5,10645.38,East,Credit Card,Returning
ORD-10038,2025-02-18,Denim Jeans,Clothing,1743.56,1,10,1569.2,South,Credit Card,Returning
ORD-10084,2025-02-19,Vacuum Cleaner,Home & Kitchen,5330.59,1,0,5330.59,North,Credit Card,Premium
ORD-10546,2025-02-20,Atomic Habits,Books,461.23,1,10,415.1,East,Net Banking,New
ORD-10434,2025-02-20,Mechanical Keyboard,Electronics,2942.68,1,20,2354.15,North,UPI,Wholesale
ORD-10050,2025-02-20,Python Crash Course,Books,583.94,1,15,496.35,Central,Net Banking,Returning
ORD-10797,2025-02-21,Mechanical Keyboard,Electronics,3548.47,1,10,3193.63,North,Debit Card,New
ORD-10194,2025-02-21,Denim Jeans,Clothing,1795.29,1,15,1525.99,North,UPI,Returning
ORD-10267,2025-02-21,Python Crash Course,Books,497.9,2,0,995.8,Central,UPI,Premium
ORD-10117,2025-02-22,Formal Shirt,Clothing,1367.91,3,10,3693.36,Central,Cash on Delivery,Wholesale
ORD-10810,2025-02-22,Running Shoes,Clothing,2705.52,1,5,2570.25,South,Debit Card,Returning
ORD-10070,2025-02-22,Python Crash Course,Books,572.55,1,15,486.66,North,Debit Card,Premium
ORD-10567,2025-02-22,Python Crash Course,Books,540.17,2,15,918.28,East,Debit Card,Wholesale
ORD-10291,2025-02-22,Coffee Maker,Home & Kitchen,2434.53,3,0,7303.59,Central,Cash on Delivery,Premium
ORD-10089,2025-02-23,Blender,Home & Kitchen,2046.94,1,0,2046.94,South,Credit Card,Returning
ORD-10378,2025-02-23,USB-C Hub,Electronics,1106.54,2,20,1770.46,North,Credit Card,New
ORD-10935,2025-02-23,USB-C Hub,Electronics,1364.86,1,0,1364.86,West,UPI,Returning
ORD-10282,2025-02-23,Coffee Maker,Home & Kitchen,2597.07,2,5,4934.44,East,Net Banking,Wholesale
ORD-10561,2025-02-23,Clean Code,Books,668.83,1,20,535.06,East,Credit Card,New
ORD-10490,2025-02-23,Air Purifier,Home & Kitchen,6028.48,2,10,10851.26,South,Credit Card,Premium
ORD-10052,2025-02-24,Mechanical Keyboard,Electronics,3268.34,2,0,6536.68,Central,Debit Card,New
ORD-10813,2025-02-26,Winter Jacket,Clothing,4112.42,3,15,10486.68,Central,Cash on Delivery,New
ORD-10491,2025-02-27,Air Purifier,Home & Kitchen,6017.73,2,0,12035.46,North,Credit Card,Premium
ORD-10596,2025-02-27,System Design,Books,542.06,2,0,1084.11,West,UPI,Premium
ORD-10554,2025-02-27,Denim Jeans,Clothing,1767.92,3,0,5303.77,South,UPI,New
ORD-10609,2025-02-27,Denim Jeans,Clothing,1229.55,1,0,1229.55,East,Debit Card,Premium
ORD-10886,2025-02-27,USB-C Hub,Electronics,1206.93,1,0,1206.93,West,Credit Card,New
ORD-10907,2025-02-27,Data Science Handbook,Books,803.48,3,20,1928.36,South,Credit Card,New
ORD-10040,2025-02-28,Smart Watch,Electronics,5086.09,1,20,4068.87,East,UPI,Premium
ORD-10359,2025-03-01,Clean Code,Books,790.84,3,20,1898.02,East,Credit Card,Wholesale
ORD-10568,2025-03-01,Vacuum Cleaner,Home & Kitchen,5128.02,1,0,5128.02,North,Cash on Delivery,Wholesale
ORD-10216,2025-03-03,Winter Jacket,Clothing,3765.84,1,5,3577.54,Central,Net Banking,Returning
ORD-10776,2025-03-03,Python Crash Course,Books,417.12,2,0,834.23,South,Credit Card,Wholesale
ORD-10160,2025-03-03,Cotton T-Shirt,Clothing,632.33,1,20,505.87,East,Debit Card,Premium
ORD-10190,2025-03-04,Denim Jeans,Clothing,1742.15,2,15,2961.66,West,Net Banking,New
ORD-10549,2025-03-04,Iron Press,Home & Kitchen,961.66,3,10,2596.48,North,UPI,Returning
ORD-10138,2025-03-04,Clean Code,Books,734.04,2,15,1247.86,East,UPI,Wholesale
ORD-10705,2025-03-06,Atomic Habits,Books,397.11,2,10,714.8,Central,Cash on Delivery,New
ORD-10129,2025-03-06,Python Crash Course,Books,399.45,1,15,339.53,West,Cash on Delivery,Wholesale
ORD-10213,2025-03-07,Iron Press,Home & Kitchen,847.71,3,15,2161.65,East,Cash on Delivery,New
ORD-10409,2025-03-09,Formal Shirt,Clothing,1167.72,1,0,1167.72,North,UPI,Wholesale
ORD-10643,2025-03-10,Iron Press,Home & Kitchen,936.16,2,0,1872.31,North,Cash on Delivery,Returning
ORD-10628,2025-03-10,USB-C Hub,Electronics,1444.97,1,0,1444.97,West,Cash on Delivery,Premium
ORD-10802,2025-03-10,Winter Jacket,Clothing,3397.72,2,0,6795.44,South,Debit Card,Returning
ORD-10866,2025-03-11,Clean Code,Books,663.22,1,5,630.06,East,Credit Card,Premium
ORD-10005,2025-03-13,USB-C Hub,Electronics,1158.0,1,0,1158.0,West,Debit Card,Returning
ORD-10833,2025-03-15,Coffee Maker,Home & Kitchen,2325.29,1,15,1976.5,West,Net Banking,New
ORD-10383,2025-03-16,Mechanical Keyboard,Electronics,2849.5,1,20,2279.6,West,Debit Card,Premium
ORD-10738,2025-03-16,Data Science Handbook,Books,813.14,1,0,813.14,West,Credit Card,New
ORD-10831,2025-03-17,Clean Code,Books,572.34,2,0,1144.68,West,Debit Card,Wholesale
ORD-10790,2025-03-17,Python Crash Course,Books,540.37,3,0,1621.12,West,Debit Card,New
ORD-10633,2025-03-17,Atomic Habits,Books,415.92,2,0,831.83,East,UPI,New
ORD-10915,2025-03-21,Formal Shirt,Clothing,1388.8,2,20,2222.09,West,Credit Card,New
ORD-10082,2025-03-22,Air Purifier,Home & Kitchen,5902.25,1,0,5902.25,South,Net Banking,Wholesale
ORD-10276,2025-03-22,Running Shoes,Clothing,3534.79,1,5,3358.05,South,Credit Card,Premium
ORD-10141,2025-03-22,Bluetooth Speaker,Electronics,1774.48,3,5,5057.28,Central,Net Banking,Premium
ORD-10984,2025-03-23,System Design,Books,517.74,1,10,465.97,Central,Credit Card,New
ORD-10777,2025-03-25,Cotton T-Shirt,Clothing,561.34,1,10,505.21,South,Debit Card,Premium
ORD-10638,2025-03-27,Atomic Habits,Books,330.28,3,10,891.74,South,Debit Card,Wholesale
ORD-10211,2025-03-27,Formal Shirt,Clothing,1228.75,1,10,1105.87,East,Debit Card,Returning
ORD-10014,2025-03-29,Running Shoes,Clothing,2448.23,2,0,4896.45,West,Debit Card,New
ORD-10064,2025-03-30,Bluetooth Speaker,Electronics,2308.81,2,20,3694.1,South,UPI,Wholesale
ORD-10618,2025-03-30,Blender,Home & Kitchen,1732.59,1,10,1559.33,West,Net Banking,Premium
ORD-10956,2025-03-31,Denim Jeans,Clothing,1469.7,1,0,1469.7,North,Cash on Delivery,Returning
ORD-10723,2025-03-31,Running Shoes,Clothing,3173.2,2,0,6346.41,East,Cash on Delivery,Premium
ORD-10728,2025-03-31,Wireless Headphones,Electronics,2668.29,1,0,2668.29,East,Debit Card,Wholesale
ORD-10874,2025-04-01,Vacuum Cleaner,Home & Kitchen,3839.95,1,0,3839.95,East,Net Banking,Wholesale
ORD-10539,2025-04-02,Formal Shirt,Clothing,1115.54,3,20,2677.3,South,UPI,Wholesale
ORD-10073,2025-04-02,Winter Jacket,Clothing,4502.96,1,15,3827.52,South,Credit Card,New
ORD-10595,2025-04-02,Formal Shirt,Clothing,1257.01,2,10,2262.61,South,UPI,Returning
ORD-10725,2025-04-03,Formal Shirt,Clothing,1234.92,1,0,1234.92,North,UPI,Wholesale
ORD-10646,2025-04-04,Iron Press,Home & Kitchen,1004.78,3,20,2411.47,North,Debit Card,New
ORD-10714,2025-04-05,Atomic Habits,Books,448.77,2,20,718.04,North,Net Banking,New
ORD-10472,2025-04-05,Vacuum Cleaner,Home & Kitchen,4868.75,1,5,4625.31,South,Cash on Delivery,Premium
ORD-10759,2025-04-06,Wireless Headphones,Electronics,2954.27,1,10,2658.84,Central,Cash on Delivery,Premium
ORD-10195,2025-04-06,Blender,Home & Kitchen,1482.48,2,0,2964.96,West,Net Banking,New
ORD-10614,2025-04-06,Smart Watch,Electronics,4189.88,2,15,7122.8,Central,Cash on Delivery,New
ORD-10676,2025-04-06,Iron Press,Home & Kitchen,974.97,2,20,1559.95,Central,Cash on Delivery,Returning
ORD-10259,2025-04-06,Mechanical Keyboard,Electronics,3472.28,2,0,6944.55,Central,Cash on Delivery,Returning
ORD-10442,2025-04-07,Iron Press,Home & Kitchen,1000.92,1,15,850.78,Central,UPI,Premium
ORD-10315,2025-04-07,Wireless Headphones,Electronics,2218.18,1,5,2107.27,West,Credit Card,Returning
ORD-10309,2025-04-08,Atomic Habits,Books,346.42,2,0,692.85,West,Credit Card,New
ORD-10753,2025-04-09,Bluetooth Speaker,Electronics,1859.77,1,0,1859.77,East,Cash on Delivery,Wholesale
ORD-10371,2025-04-09,Coffee Maker,Home & Kitchen,2747.55,1,20,2198.04,North,Debit Card,New
ORD-10394,2025-04-09,Iron Press,Home & Kitchen,890.4,1,0,890.4,West,Net Banking,Premium
ORD-10163,2025-04-09,Air Purifier,Home & Kitchen,5697.36,3,0,17092.09,South,Credit Card,Returning
ORD-10803,2025-04-09,Atomic Habits,Books,425.6,1,20,340.48,West,Credit Card,Returning
ORD-10463,2025-04-09,Blender,Home & Kitchen,1751.8,1,0,1751.8,South,UPI,Wholesale
ORD-10473,2025-04-09,USB-C Hub,Electronics,1257.11,3,0,3771.34,South,Credit Card,New
ORD-10352,2025-04-09,Coffee Maker,Home & Kitchen,2561.69,1,0,2561.69,North,UPI,Returning
ORD-10016,2025-04-10,Cotton T-Shirt,Clothing,599.82,2,0,1199.64,North,Debit Card,New
ORD-10785,2025-04-10,Data Science Handbook,Books,892.09,3,20,2141.03,West,Net Banking,Returning
ORD-10668,2025-04-10,Smart Watch,Electronics,5742.68,1,10,5168.41,East,Cash on Delivery,Returning
ORD-10658,2025-04-10,USB-C Hub,Electronics,1403.82,3,5,4000.9,East,UPI,New
ORD-10702,2025-04-11,Atomic Habits,Books,413.97,1,10,372.57,North,UPI,New
ORD-10564,2025-04-11,Python Crash Course,Books,465.51,1,20,372.41,East,Cash on Delivery,Premium
ORD-10273,2025-04-11,Denim Jeans,Clothing,1716.05,1,10,1544.44,West,Cash on Delivery,Premium
ORD-10171,2025-04-11,Running Shoes,Clothing,3123.1,3,15,7963.9,South,Debit Card,Returning
ORD-10000,2025-04-13,Cotton T-Shirt,Clothing,594.3,1,0,594.3,Central,Debit Card,Premium
ORD-10008,2025-04-13,Blender,Home & Kitchen,2144.74,1,0,2144.74,South,UPI,Premium
ORD-10572,2025-04-13,Running Shoes,Clothing,2465.9,1,5,2342.61,North,Net Banking,Wholesale
ORD-10508,2025-04-14,Cotton T-Shirt,Clothing,544.36,3,0,1633.07,East,UPI,Returning
ORD-10388,2025-04-14,Atomic Habits,Books,393.27,2,0,786.54,West,Debit Card,Returning
ORD-10731,2025-04-15,Mechanical Keyboard,Electronics,3837.67,3,5,10937.37,East,UPI,Premium
ORD-10090,2025-04-16,Vacuum Cleaner,Home & Kitchen,4608.19,2,0,9216.39,East,Net Banking,Premium
ORD-10588,2025-04-16,Wireless Headphones,Electronics,2274.85,1,5,2161.1,Central,Debit Card,New
ORD-10004,2025-04-17,Coffee Maker,Home & Kitchen,2240.19,1,15,1904.16,North,UPI,New
ORD-10222,2025-04-18,Denim Jeans,Clothing,1669.9,2,0,3339.79,North,Credit Card,Wholesale
ORD-10570,2025-04-18,Atomic Habits,Books,390.5,1,0,390.5,South,Debit Card,New
ORD-10815,2025-04-19,Iron Press,Home & Kitchen,1079.27,2,0,2158.53,East,Debit Card,New
ORD-10357,2025-04-22,Denim Jeans,Clothing,1279.81,3,10,3455.48,West,Debit Card,New
ORD-10392,2025-04-22,System Design,Books,638.06,2,20,1020.89,West,UPI,New
ORD-10274,2025-04-23,Running Shoes,Clothing,2461.53,1,20,1969.22,Central,Cash on Delivery,Returning
ORD-10278,2025-04-23,Blender,Home & Kitchen,1764.24,1,0,1764.24,East,UPI,New
ORD-10384,2025-04-23,Data Science Handbook,Books,655.88,2,15,1115.0,North,Cash on Delivery,New
ORD-10263,2025-04-23,Blender,Home & Kitchen,2005.62,1,15,1704.77,South,Credit Card,New
ORD-10272,2025-04-23,Denim Jeans,Clothing,1489.82,2,10,2681.68,South,Credit Card,Returning
ORD-10496,2025-04-24,Running Shoes,Clothing,2736.15,1,15,2325.72,West,Credit Card,Wholesale
ORD-10736,2025-04-24,Clean Code,Books,673.21,3,0,2019.64,East,Debit Card,Wholesale
ORD-10730,2025-04-25,System Design,Books,673.74,2,15,1145.36,East,Credit Card,New
ORD-10382,2025-04-26,Air Purifier,Home & Kitchen,5307.9,1,15,4511.72,East,Credit Card,Wholesale
ORD-10239,2025-04-26,Mechanical Keyboard,Electronics,3815.28,1,0,3815.28,East,Cash on Delivery,New
ORD-10476,2025-04-26,Smart Watch,Electronics,5883.89,1,20,4707.11,East,Net Banking,Premium
ORD-10601,2025-04-27,Air Purifier,Home & Kitchen,4814.51,1,5,4573.78,West,Credit Card,New
ORD-10905,2025-04-27,Running Shoes,Clothing,3384.38,1,15,2876.73,East,Credit Card,Premium
ORD-10616,2025-04-28,Blender,Home & Kitchen,1938.46,2,0,3876.92,Central,Debit Card,New
ORD-10998,2025-04-29,USB-C Hub,Electronics,1041.24,1,20,832.99,North,Cash on Delivery,Returning
ORD-10379,2025-04-30,System Design,Books,631.19,2,0,1262.38,North,Net Banking,Returning
ORD-10592,2025-04-30,Data Science Handbook,Books,856.96,1,5,814.11,Central,Net Banking,New
ORD-10238,2025-05-01,Running Shoes,Clothing,2722.29,2,10,4900.12,Central,Debit Card,Returning
ORD-10953,2025-05-02,Smart Watch,Electronics,5194.23,2,5,9869.03,North,UPI,Premium
ORD-10847,2025-05-02,Mechanical Keyboard,Electronics,2826.42,3,20,6783.41,West,Net Banking,Wholesale
ORD-10610,2025-05-02,Bluetooth Speaker,Electronics,2065.57,3,0,6196.71,West,UPI,Premium
ORD-10009,2025-05-02,Air Purifier,Home & Kitchen,5634.87,3,0,16904.62,West,Debit Card,Premium
ORD-10822,2025-05-02,Atomic Habits,Books,362.54,3,0,1087.62,South,Cash on Delivery,Wholesale
ORD-10302,2025-05-03,Python Crash Course,Books,447.48,1,5,425.11,North,UPI,New
ORD-10317,2025-05-04,Atomic Habits,Books,364.62,1,10,328.15,East,UPI,Premium
ORD-10587,2025-05-04,Winter Jacket,Clothing,4544.32,3,15,11588.01,Central,Net Banking,Premium
ORD-10551,2025-05-05,Python Crash Course,Books,404.24,3,10,1091.44,South,Cash on Delivery,Premium
ORD-10885,2025-05-06,Clean Code,Books,683.52,1,10,615.17,Central,Debit Card,Returning
ORD-10615,2025-05-06,Denim Jeans,Clothing,1596.61,2,5,3033.56,Central,Net Banking,New
ORD-10289,2025-05-06,Blender,Home & Kitchen,1680.42,1,10,1512.37,West,Debit Card,Returning
ORD-10879,2025-05-06,Winter Jacket,Clothing,3774.54,1,5,3585.81,North,UPI,New
ORD-10604,2025-05-07,Coffee Maker,Home & Kitchen,2430.01,1,0,2430.01,North,Debit Card,Premium
ORD-10502,2025-05-07,Mechanical Keyboard,Electronics,3289.34,1,5,3124.88,North,UPI,New
ORD-10338,2025-05-08,Running Shoes,Clothing,2649.75,1,0,2649.75,South,UPI,Returning
ORD-10228,2025-05-08,Formal Shirt,Clothing,1220.91,1,20,976.72,East,Cash on Delivery,Premium
ORD-10485,2025-05-08,Air Purifier,Home & Kitchen,6914.84,1,0,6914.84,West,UPI,Wholesale
ORD-10420,2025-05-08,Vacuum Cleaner,Home & Kitchen,4368.53,2,0,8737.06,East,UPI,New
ORD-10608,2025-05-09,Mechanical Keyboard,Electronics,4126.37,1,15,3507.42,South,Cash on Delivery,New
ORD-10134,2025-05-09,Denim Jeans,Clothing,1394.95,1,0,1394.95,North,Credit Card,New
ORD-10342,2025-05-09,Data Science Handbook,Books,952.44,1,0,952.44,Central,Debit Card,New
ORD-10290,2025-05-10,Mechanical Keyboard,Electronics,3387.2,1,0,3387.2,East,Debit Card,Returning
ORD-10280,2025-05-10,Mechanical Keyboard,Electronics,3236.36,1,20,2589.09,South,Debit Card,Wholesale
ORD-10375,2025-05-11,Vacuum Cleaner,Home & Kitchen,4379.9,1,15,3722.91,West,UPI,New
ORD-10055,2025-05-11,Cotton T-Shirt,Clothing,598.61,3,10,1616.24,North,Credit Card,New
ORD-10174,2025-05-11,Air Purifier,Home & Kitchen,6516.09,1,10,5864.48,Central,UPI,Premium
ORD-10019,2025-05-11,Air Purifier,Home & Kitchen,6592.83,3,0,19778.49,East,UPI,Premium
ORD-10864,2025-05-12,Smart Watch,Electronics,4520.79,1,15,3842.68,West,Debit Card,Wholesale
ORD-10823,2025-05-13,Blender,Home & Kitchen,1983.54,1,5,1884.37,East,Cash on Delivery,Returning
ORD-10906,2025-05-14,Python Crash Course,Books,509.09,3,10,1374.55,East,Net Banking,Wholesale
ORD-10219,2025-05-14,Smart Watch,Electronics,4128.41,2,0,8256.82,East,Credit Card,Wholesale
ORD-10152,2025-05-15,Wireless Headphones,Electronics,2772.36,2,10,4990.25,East,Debit Card,Premium
ORD-10417,2025-05-15,Formal Shirt,Clothing,1479.44,1,0,1479.44,South,Net Banking,Wholesale
ORD-10058,2025-05-15,Wireless Headphones,Electronics,2309.01,3,20,5541.63,East,UPI,Wholesale
ORD-10957,2025-05-16,Mechanical Keyboard,Electronics,3149.58,3,15,8031.42,South,Cash on Delivery,Premium
ORD-10854,2025-05-16,Mechanical Keyboard,Electronics,3161.41,2,5,6006.67,Central,Debit Card,New
ORD-10136,2025-05-16,Denim Jeans,Clothing,1691.74,1,20,1353.39,West,Credit Card,Wholesale
ORD-10247,2025-05-17,Iron Press,Home & Kitchen,1056.29,1,15,897.85,East,Debit Card,New
ORD-10139,2025-05-19,Data Science Handbook,Books,830.15,3,0,2490.46,East,Credit Card,Wholesale
ORD-10365,2025-05-20,Denim Jeans,Clothing,1440.76,2,0,2881.53,East,UPI,Returning
ORD-10882,2025-05-21,Formal Shirt,Clothing,1416.96,2,20,2267.13,Central,Credit Card,New
ORD-10841,2025-05-21,Winter Jacket,Clothing,3298.7,2,10,5937.67,Central,Credit Card,Returning
ORD-10534,2025-05-22,USB-C Hub,Electronics,1463.7,1,15,1244.14,Central,UPI,Returning
ORD-10931,2025-05-23,Iron Press,Home & Kitchen,1125.72,2,5,2138.86,Central,Cash on Delivery,Premium
ORD-10538,2025-05-23,Blender,Home & Kitchen,1694.89,2,10,3050.8,West,Net Banking,Returning
ORD-10202,2025-05-23,Air Purifier,Home & Kitchen,6240.39,3,0,18721.16,East,Cash on Delivery,New
ORD-10635,2025-05-24,Cotton T-Shirt,Clothing,628.41,1,0,628.41,West,Cash on Delivery,Returning
ORD-10800,2025-05-24,Cotton T-Shirt,Clothing,508.26,3,20,1219.83,East,Credit Card,Wholesale
ORD-10812,2025-05-24,Denim Jeans,Clothing,1259.5,2,0,2518.99,West,UPI,Premium
ORD-10314,2025-05-24,System Design,Books,586.41,2,0,1172.83,Central,Net Banking,Returning
ORD-10355,2025-05-24,Wireless Headphones,Electronics,2845.83,1,20,2276.66,East,UPI,New
ORD-10584,2025-05-24,Python Crash Course,Books,490.6,2,20,784.96,North,Credit Card,New
ORD-10938,2025-05-24,Cotton T-Shirt,Clothing,710.52,2,5,1349.99,South,Cash on Delivery,New
ORD-10591,2025-05-25,Vacuum Cleaner,Home & Kitchen,4991.32,2,0,9982.64,North,UPI,Premium
ORD-10970,2025-05-25,Vacuum Cleaner,Home & Kitchen,3756.52,2,0,7513.03,West,Cash on Delivery,Returning
ORD-10860,2025-05-25,Wireless Headphones,Electronics,2270.76,3,10,6131.04,South,Debit Card,New
ORD-10829,2025-05-26,Atomic Habits,Books,372.21,1,10,334.99,East,Debit Card,Premium
ORD-10372,2025-05-27,Denim Jeans,Clothing,1364.79,3,0,4094.37,South,Credit Card,Returning
ORD-10923,2025-05-27,USB-C Hub,Electronics,1138.04,2,0,2276.08,West,UPI,Wholesale
ORD-10450,2025-05-27,Cotton T-Shirt,Clothing,714.1,1,15,606.98,Central,Debit Card,New
ORD-10590,2025-05-27,Denim Jeans,Clothing,1398.33,1,15,1188.58,Central,Cash on Delivery,Premium
ORD-10674,2025-05-27,Winter Jacket,Clothing,3215.99,1,0,3215.99,South,Net Banking,Wholesale
ORD-10330,2025-05-27,Iron Press,Home & Kitchen,909.24,2,15,1545.71,South,Cash on Delivery,Wholesale
ORD-10887,2025-05-28,Iron Press,Home & Kitchen,920.73,3,15,2347.86,South,Cash on Delivery,New
ORD-10323,2025-05-28,Blender,Home & Kitchen,1834.68,1,0,1834.68,West,Debit Card,Premium
ORD-10331,2025-05-28,Running Shoes,Clothing,2939.17,2,20,4702.67,North,UPI,Wholesale
ORD-10914,2025-05-29,Smart Watch,Electronics,5235.52,1,0,5235.52,South,Debit Card,Premium
ORD-10552,2025-05-30,Blender,Home & Kitchen,1439.67,1,0,1439.67,North,Cash on Delivery,Wholesale
ORD-10020,2025-05-30,Vacuum Cleaner,Home & Kitchen,4556.79,2,0,9113.58,South,UPI,Premium
ORD-10761,2025-05-31,Bluetooth Speaker,Electronics,2309.4,2,10,4156.92,West,Debit Card,Returning
ORD-10348,2025-05-31,Mechanical Keyboard,Electronics,3559.22,1,20,2847.37,East,Net Banking,Returning
ORD-10500,2025-05-31,Running Shoes,Clothing,3513.97,3,0,10541.92,South,Credit Card,New
ORD-10811,2025-05-31,Bluetooth Speaker,Electronics,2232.43,1,5,2120.81,Central,Credit Card,New
ORD-10760,2025-06-01,Smart Watch,Electronics,5022.56,1,5,4771.43,South,UPI,New
ORD-10377,2025-06-01,Clean Code,Books,598.1,2,10,1076.57,East,Net Banking,New
ORD-10018,2025-06-01,Python Crash Course,Books,416.07,1,10,374.46,West,Debit Card,Wholesale
ORD-10254,2025-06-01,Coffee Maker,Home & Kitchen,2931.94,2,0,5863.88,North,Cash on Delivery,Wholesale
ORD-10692,2025-06-01,Cotton T-Shirt,Clothing,502.78,1,0,502.78,Central,Net Banking,New
ORD-10547,2025-06-02,Clean Code,Books,802.34,3,5,2286.67,West,Credit Card,New
ORD-10395,2025-06-02,Data Science Handbook,Books,657.69,1,0,657.69,Central,Cash on Delivery,Returning
ORD-10634,2025-06-03,Clean Code,Books,610.49,1,0,610.49,West,Credit Card,Wholesale
ORD-10503,2025-06-04,Blender,Home & Kitchen,1973.33,2,0,3946.65,West,Net Banking,Returning
ORD-10950,2025-06-05,System Design,Books,481.27,1,0,481.27,East,Debit Card,Returning
ORD-10126,2025-06-06,Python Crash Course,Books,529.27,2,0,1058.55,West,UPI,Wholesale
ORD-10430,2025-06-07,Winter Jacket,Clothing,4339.11,1,0,4339.11,North,UPI,Premium
ORD-10589,2025-06-07,Coffee Maker,Home & Kitchen,2600.64,2,0,5201.28,West,UPI,Wholesale
ORD-10458,2025-06-07,Bluetooth Speaker,Electronics,1683.88,1,10,1515.49,East,UPI,Wholesale
ORD-10910,2025-06-09,Wireless Headphones,Electronics,2283.14,1,10,2054.83,South,Net Banking,Premium
ORD-10294,2025-06-09,System Design,Books,645.52,1,20,516.41,Central,UPI,New
ORD-10258,2025-06-09,Iron Press,Home & Kitchen,821.63,1,15,698.39,South,UPI,New
ORD-10368,2025-06-09,Data Science Handbook,Books,842.81,1,15,716.39,South,Cash on Delivery,Returning
ORD-10207,2025-06-09,Cotton T-Shirt,Clothing,624.46,3,15,1592.37,Central,Cash on Delivery,Premium
ORD-10689,2025-06-09,Vacuum Cleaner,Home & Kitchen,4842.23,2,0,9684.46,North,Debit Card,Returning
ORD-10408,2025-06-10,Vacuum Cleaner,Home & Kitchen,4537.62,1,0,4537.62,Central,Debit Card,Wholesale
ORD-10482,2025-06-10,System Design,Books,578.52,3,0,1735.55,Central,Net Banking,Premium
ORD-10380,2025-06-10,Data Science Handbook,Books,915.92,1,20,732.73,South,UPI,Wholesale
ORD-10031,2025-06-10,Smart Watch,Electronics,5534.45,3,10,14943.02,East,Cash on Delivery,New
ORD-10098,2025-06-11,Cotton T-Shirt,Clothing,505.43,1,5,480.16,West,UPI,Returning
ORD-10824,2025-06-12,Mechanical Keyboard,Electronics,4192.52,2,10,7546.53,Central,Credit Card,Premium
ORD-10143,2025-06-12,Python Crash Course,Books,497.66,2,0,995.32,East,UPI,New
ORD-10695,2025-06-12,Iron Press,Home & Kitchen,1073.84,3,15,2738.3,Central,Cash on Delivery,Wholesale
ORD-10403,2025-06-12,Bluetooth Speaker,Electronics,1731.73,2,5,3290.29,Central,UPI,Wholesale
ORD-10921,2025-06-13,Smart Watch,Electronics,4110.07,1,20,3288.05,East,Cash on Delivery,Premium
ORD-10745,2025-06-13,Bluetooth Speaker,Electronics,2330.84,3,15,5943.63,South,Net Banking,Returning
ORD-10955,2025-06-13,Smart Watch,Electronics,4882.03,1,15,4149.73,South,Credit Card,Returning
ORD-10249,2025-06-14,USB-C Hub,Electronics,1248.25,2,10,2246.85,East,Net Banking,Wholesale
ORD-10851,2025-06-14,Data Science Handbook,Books,783.92,3,0,2351.77,West,Net Banking,Wholesale
ORD-10061,2025-06-16,Running Shoes,Clothing,2585.43,1,10,2326.88,East,Debit Card,Returning
ORD-10873,2025-06-16,Formal Shirt,Clothing,1396.26,3,0,4188.79,Central,Debit Card,Wholesale
ORD-10842,2025-06-17,Mechanical Keyboard,Electronics,3710.11,2,0,7420.21,West,Cash on Delivery,Wholesale
ORD-10707,2025-06-17,Mechanical Keyboard,Electronics,3245.24,1,0,3245.24,Central,UPI,New
ORD-10406,2025-06-18,USB-C Hub,Electronics,1174.06,1,0,1174.06,East,Debit Card,Returning
ORD-10041,2025-06-19,Air Purifier,Home & Kitchen,5133.4,2,0,10266.79,West,UPI,Wholesale
ORD-10516,2025-06-19,Iron Press,Home & Kitchen,926.31,1,5,880.0,East,UPI,New
ORD-10558,2025-06-19,Formal Shirt,Clothing,1299.66,2,15,2209.43,North,Credit Card,Wholesale
ORD-10214,2025-06-19,Data Science Handbook,Books,957.74,1,10,861.97,West,Cash on Delivery,New
ORD-10843,2025-06-19,System Design,Books,592.2,1,5,562.59,Central,Cash on Delivery,Premium
ORD-10203,2025-06-20,Clean Code,Books,699.32,1,0,699.32,South,Net Banking,Premium
ORD-10164,2025-06-21,Python Crash Course,Books,405.27,1,15,344.48,West,Credit Card,New
ORD-10292,2025-06-21,Running Shoes,Clothing,3159.92,2,10,5687.85,South,Debit Card,Premium
ORD-10456,2025-06-21,Running Shoes,Clothing,2846.96,1,0,2846.96,North,Credit Card,Wholesale
ORD-10253,2025-06-21,Smart Watch,Electronics,4741.9,1,0,4741.9,West,UPI,Premium
ORD-10909,2025-06-22,Mechanical Keyboard,Electronics,2878.98,1,10,2591.08,West,Net Banking,New
ORD-10911,2025-06-22,Bluetooth Speaker,Electronics,2269.58,2,10,4085.25,South,Debit Card,Wholesale
ORD-10528,2025-06-22,Data Science Handbook,Books,946.31,1,5,898.99,South,Net Banking,New
ORD-10881,2025-06-22,Air Purifier,Home & Kitchen,5865.06,1,20,4692.05,East,UPI,Wholesale
ORD-10840,2025-06-23,Formal Shirt,Clothing,1074.92,2,5,2042.36,West,Debit Card,Premium
ORD-10494,2025-06-23,Python Crash Course,Books,496.02,1,15,421.62,North,Net Banking,Premium
ORD-10048,2025-06-24,Data Science Handbook,Books,828.71,2,5,1574.55,West,Net Banking,Wholesale
ORD-10513,2025-06-25,Atomic Habits,Books,388.85,2,15,661.05,South,Debit Card,Wholesale
ORD-10422,2025-06-25,Air Purifier,Home & Kitchen,5290.35,2,0,10580.7,East,Cash on Delivery,Returning
ORD-10784,2025-06-26,Python Crash Course,Books,461.51,1,0,461.51,North,Debit Card,Premium
ORD-10752,2025-06-26,Cotton T-Shirt,Clothing,684.66,1,10,616.2,Central,Debit Card,Returning
ORD-10960,2025-06-27,Smart Watch,Electronics,5419.76,1,0,5419.76,East,Debit Card,Wholesale
ORD-10694,2025-06-27,Blender,Home & Kitchen,1491.54,1,20,1193.23,North,UPI,Premium
ORD-10189,2025-06-28,Wireless Headphones,Electronics,2691.36,2,15,4575.31,East,Cash on Delivery,Returning
ORD-10700,2025-06-28,USB-C Hub,Electronics,1418.6,3,10,3830.21,South,Net Banking,New
ORD-10670,2025-06-29,Bluetooth Speaker,Electronics,1720.3,1,20,1376.24,West,Net Banking,New
ORD-10557,2025-06-29,Mechanical Keyboard,Electronics,2862.82,1,0,2862.82,West,Credit Card,Wholesale
ORD-10262,2025-06-29,Python Crash Course,Books,590.14,3,5,1681.9,South,Cash on Delivery,Premium
ORD-10471,2025-06-30,Wireless Headphones,Electronics,2034.19,1,10,1830.77,South,Net Banking,Returning
ORD-10816,2025-06-30,Running Shoes,Clothing,2640.88,1,15,2244.74,North,Cash on Delivery,Wholesale
ORD-10872,2025-07-01,Air Purifier,Home & Kitchen,4953.0,3,10,13373.1,South,UPI,Returning
ORD-10767,2025-07-02,Air Purifier,Home & Kitchen,5059.99,3,20,12143.99,Central,Debit Card,Premium
ORD-10301,2025-07-03,Coffee Maker,Home & Kitchen,2280.61,2,15,3877.03,Central,Net Banking,Wholesale
ORD-10639,2025-07-04,Formal Shirt,Clothing,1117.5,3,5,3184.87,Central,Cash on Delivery,Returning
ORD-10818,2025-07-05,Winter Jacket,Clothing,3706.9,1,0,3706.9,East,Debit Card,Returning
ORD-10548,2025-07-05,System Design,Books,513.04,3,5,1462.16,Central,UPI,Wholesale
ORD-10958,2025-07-05,Running Shoes,Clothing,2554.4,1,0,2554.4,Central,Net Banking,New
ORD-10277,2025-07-06,Cotton T-Shirt,Clothing,501.76,1,5,476.67,North,Debit Card,Wholesale
ORD-10209,2025-07-06,Python Crash Course,Books,445.62,2,5,846.67,West,Cash on Delivery,New
ORD-10782,2025-07-06,Cotton T-Shirt,Clothing,644.86,3,5,1837.86,North,Debit Card,Wholesale
ORD-10318,2025-07-06,Coffee Maker,Home & Kitchen,2028.86,1,15,1724.53,East,UPI,New
ORD-10122,2025-07-07,Bluetooth Speaker,Electronics,1960.13,2,10,3528.23,East,Cash on Delivery,Wholesale
ORD-10043,2025-07-07,Denim Jeans,Clothing,1495.39,1,0,1495.39,Central,Cash on Delivery,New
ORD-10474,2025-07-07,Atomic Habits,Books,394.14,2,5,748.86,North,UPI,Returning
ORD-10006,2025-07-08,Running Shoes,Clothing,3023.19,2,0,6046.38,West,Net Banking,Returning
ORD-10624,2025-07-08,Running Shoes,Clothing,3092.34,2,20,4947.74,East,Net Banking,Wholesale
ORD-10110,2025-07-09,Clean Code,Books,711.24,2,10,1280.23,North,UPI,Wholesale
ORD-10232,2025-07-09,Data Science Handbook,Books,790.8,1,15,672.18,Central,Net Banking,Wholesale
ORD-10898,2025-07-09,Air Purifier,Home & Kitchen,6909.23,1,0,6909.23,West,Credit Card,New
ORD-10046,2025-07-09,Vacuum Cleaner,Home & Kitchen,4221.31,1,15,3588.12,South,Debit Card,Returning
ORD-10762,2025-07-09,USB-C Hub,Electronics,1431.26,1,0,1431.26,South,Debit Card,New
ORD-10550,2025-07-09,Vacuum Cleaner,Home & Kitchen,4206.53,1,20,3365.22,Central,Net Banking,Returning
ORD-10899,2025-07-10,Blender,Home & Kitchen,1467.95,1,0,1467.95,South,Cash on Delivery,New
ORD-10477,2025-07-10,System Design,Books,505.66,2,0,1011.32,West,Cash on Delivery,Wholesale
ORD-10094,2025-07-10,System Design,Books,495.98,3,5,1413.54,Central,Credit Card,New
ORD-10966,2025-07-11,System Design,Books,560.31,1,15,476.26,East,Debit Card,New
ORD-10626,2025-07-11,Atomic Habits,Books,387.77,1,0,387.77,Central,Cash on Delivery,Premium
ORD-10453,2025-07-11,Cotton T-Shirt,Clothing,656.54,1,5,623.72,South,Debit Card,Premium
ORD-10028,2025-07-11,Blender,Home & Kitchen,1443.01,3,0,4329.04,East,Credit Card,Returning
ORD-10750,2025-07-11,Iron Press,Home & Kitchen,1002.55,1,20,802.04,East,Debit Card,Returning
ORD-10848,2025-07-13,Running Shoes,Clothing,2431.72,2,0,4863.43,North,Net Banking,Returning
ORD-10401,2025-07-13,Python Crash Course,Books,488.56,3,0,1465.67,South,UPI,Returning
ORD-10418,2025-07-14,Clean Code,Books,794.01,1,0,794.01,Central,Debit Card,New
ORD-10733,2025-07-15,Bluetooth Speaker,Electronics,2268.02,2,0,4536.04,South,Cash on Delivery,New
ORD-10573,2025-07-15,Denim Jeans,Clothing,1712.54,1,5,1626.91,West,Cash on Delivery,Premium
ORD-10987,2025-07-16,Cotton T-Shirt,Clothing,678.53,1,0,678.53,North,Net Banking,Returning
ORD-10244,2025-07-17,Cotton T-Shirt,Clothing,569.11,1,5,540.66,West,Debit Card,Returning
ORD-10295,2025-07-17,Mechanical Keyboard,Electronics,3713.37,3,5,10583.09,West,Credit Card,Premium
ORD-10310,2025-07-17,Blender,Home & Kitchen,1925.96,2,5,3659.32,West,Cash on Delivery,New
ORD-10333,2025-07-18,Air Purifier,Home & Kitchen,5199.6,2,20,8319.36,West,Net Banking,Wholesale
ORD-10153,2025-07-20,Denim Jeans,Clothing,1468.29,2,15,2496.09,North,Credit Card,New
ORD-10316,2025-07-20,Iron Press,Home & Kitchen,974.44,3,0,2923.32,East,Credit Card,New
ORD-10971,2025-07-20,Atomic Habits,Books,365.35,1,10,328.81,East,UPI,New
ORD-10875,2025-07-21,Wireless Headphones,Electronics,2619.19,1,5,2488.23,South,Credit Card,Wholesale
ORD-10099,2025-07-21,Mechanical Keyboard,Electronics,3161.67,2,15,5374.84,East,Net Banking,Returning
ORD-10300,2025-07-22,Running Shoes,Clothing,3364.77,2,10,6056.58,North,UPI,Wholesale
ORD-10918,2025-07-22,Clean Code,Books,771.41,2,5,1465.68,East,Credit Card,Premium
ORD-10651,2025-07-23,Blender,Home & Kitchen,1938.19,2,5,3682.55,North,Cash on Delivery,Premium
ORD-10081,2025-07-25,Denim Jeans,Clothing,1263.12,1,0,1263.12,North,Credit Card,New
ORD-10794,2025-07-25,Winter Jacket,Clothing,4634.68,3,0,13904.03,West,Cash on Delivery,Premium
ORD-10183,2025-07-26,Python Crash Course,Books,446.48,2,5,848.31,South,UPI,Wholesale
ORD-10113,2025-07-27,Smart Watch,Electronics,4929.95,1,0,4929.95,East,Net Banking,Returning
ORD-10404,2025-07-27,Wireless Headphones,Electronics,2980.0,2,0,5960.0,East,Cash on Delivery,Wholesale
ORD-10374,2025-07-27,Vacuum Cleaner,Home & Kitchen,4615.95,1,5,4385.15,West,Cash on Delivery,Returning
ORD-10974,2025-07-31,Iron Press,Home & Kitchen,1127.93,2,5,2143.07,Central,Net Banking,New
ORD-10917,2025-08-01,Vacuum Cleaner,Home & Kitchen,3991.02,2,10,7183.84,South,Net Banking,New
ORD-10112,2025-08-01,Mechanical Keyboard,Electronics,3751.13,1,15,3188.46,West,Net Banking,Premium
ORD-10166,2025-08-02,Python Crash Course,Books,572.14,1,10,514.93,North,Net Banking,New
ORD-10011,2025-08-03,Atomic Habits,Books,475.61,2,0,951.23,Central,UPI,Premium
ORD-10825,2025-08-03,Iron Press,Home & Kitchen,851.29,3,10,2298.48,West,Net Banking,Returning
ORD-10721,2025-08-03,Coffee Maker,Home & Kitchen,2151.03,2,5,4086.95,North,Net Banking,Returning
ORD-10108,2025-08-03,Denim Jeans,Clothing,1247.8,2,10,2246.03,West,Net Banking,New
ORD-10543,2025-08-03,Smart Watch,Electronics,4626.83,2,0,9253.65,North,Cash on Delivery,Returning
ORD-10161,2025-08-04,Data Science Handbook,Books,679.39,3,10,1834.34,West,Debit Card,Returning
ORD-10120,2025-08-05,System Design,Books,510.37,2,5,969.7,Central,UPI,New
ORD-10770,2025-08-05,Formal Shirt,Clothing,1369.48,1,20,1095.59,South,Debit Card,Returning
ORD-10779,2025-08-05,Formal Shirt,Clothing,1515.41,1,0,1515.41,North,Credit Card,New
ORD-10862,2025-08-05,Blender,Home & Kitchen,1611.65,2,5,3062.13,Central,UPI,Returning
ORD-10742,2025-08-05,Bluetooth Speaker,Electronics,1965.44,1,20,1572.35,South,Cash on Delivery,New
ORD-10653,2025-08-06,USB-C Hub,Electronics,1269.4,2,10,2284.92,East,UPI,Wholesale
ORD-10177,2025-08-06,USB-C Hub,Electronics,1387.38,2,20,2219.81,West,UPI,Wholesale
ORD-10293,2025-08-06,Data Science Handbook,Books,857.06,3,0,2571.18,West,Cash on Delivery,New
ORD-10096,2025-08-06,USB-C Hub,Electronics,1422.45,3,0,4267.34,East,Net Banking,Returning
ORD-10457,2025-08-08,Python Crash Course,Books,504.14,1,5,478.93,South,Net Banking,Wholesale
ORD-10884,2025-08-08,Iron Press,Home & Kitchen,1006.3,3,20,2415.13,Central,Debit Card,Returning
ORD-10281,2025-08-08,Data Science Handbook,Books,692.26,1,10,623.04,East,UPI,Returning
ORD-10976,2025-08-08,Cotton T-Shirt,Clothing,514.99,1,0,514.99,East,Net Banking,New
ORD-10962,2025-08-08,Bluetooth Speaker,Electronics,1795.47,3,5,5117.08,Central,Credit Card,Premium
ORD-10642,2025-08-08,Bluetooth Speaker,Electronics,2073.73,3,15,5288.02,West,Credit Card,New
ORD-10826,2025-08-09,USB-C Hub,Electronics,1270.85,2,0,2541.7,West,Credit Card,Wholesale
ORD-10197,2025-08-10,Data Science Handbook,Books,952.8,1,15,809.88,Central,Cash on Delivery,Premium
ORD-10661,2025-08-10,Python Crash Course,Books,449.28,1,5,426.81,East,Credit Card,Returning
ORD-10489,2025-08-11,Smart Watch,Electronics,4043.47,2,0,8086.95,Central,Net Banking,New
ORD-10671,2025-08-11,Air Purifier,Home & Kitchen,5926.81,1,5,5630.47,East,Debit Card,Wholesale
ORD-10821,2025-08-11,Data Science Handbook,Books,895.53,2,10,1611.96,Central,UPI,Returning
ORD-10795,2025-08-11,Winter Jacket,Clothing,3828.86,1,15,3254.53,West,UPI,New
ORD-10763,2025-08-12,Mechanical Keyboard,Electronics,3960.62,3,0,11881.85,West,Credit Card,Returning
ORD-10944,2025-08-12,System Design,Books,565.65,1,10,509.08,East,Net Banking,Premium
ORD-10285,2025-08-12,Vacuum Cleaner,Home & Kitchen,4835.28,1,0,4835.28,West,Credit Card,Wholesale
ORD-10250,2025-08-13,Formal Shirt,Clothing,1330.52,3,0,3991.56,South,UPI,Premium
ORD-10233,2025-08-13,Blender,Home & Kitchen,1551.92,1,20,1241.53,North,Debit Card,Premium
ORD-10286,2025-08-13,Denim Jeans,Clothing,1246.81,2,0,2493.62,Central,Cash on Delivery,New
ORD-10439,2025-08-14,Air Purifier,Home & Kitchen,5190.42,2,0,10380.84,North,UPI,Premium
ORD-10170,2025-08-15,Atomic Habits,Books,390.81,1,0,390.81,East,Cash on Delivery,Returning
ORD-10751,2025-08-15,Formal Shirt,Clothing,1553.0,1,0,1553.0,South,Credit Card,Wholesale
ORD-10391,2025-08-15,Iron Press,Home & Kitchen,935.78,1,20,748.63,West,Credit Card,Returning
ORD-10922,2025-08-15,Smart Watch,Electronics,4392.46,1,0,4392.46,West,Cash on Delivery,Returning
ORD-10965,2025-08-16,Data Science Handbook,Books,705.29,1,0,705.29,South,Credit Card,Wholesale
ORD-10599,2025-08-17,Smart Watch,Electronics,4473.39,2,5,8499.45,Central,Debit Card,Returning
ORD-10920,2025-08-17,Iron Press,Home & Kitchen,961.23,1,0,961.23,South,Debit Card,Premium
ORD-10432,2025-08-18,Air Purifier,Home & Kitchen,6501.29,1,0,6501.29,North,Credit Card,Premium
ORD-10838,2025-08-18,Coffee Maker,Home & Kitchen,2716.17,1,20,2172.94,Central,UPI,Wholesale
ORD-10231,2025-08-19,Python Crash Course,Books,527.72,1,20,422.18,South,Debit Card,New
ORD-10192,2025-08-19,USB-C Hub,Electronics,1074.33,2,5,2041.23,East,Net Banking,Wholesale
ORD-10200,2025-08-19,USB-C Hub,Electronics,1196.71,1,10,1077.03,South,Credit Card,New
ORD-10149,2025-08-19,Formal Shirt,Clothing,1511.53,1,5,1435.96,South,Net Banking,New
ORD-10261,2025-08-21,Cotton T-Shirt,Clothing,517.27,2,5,982.82,West,Credit Card,Premium
ORD-10465,2025-08-21,Python Crash Course,Books,562.55,2,20,900.07,North,Credit Card,Returning
ORD-10241,2025-08-21,Blender,Home & Kitchen,1897.08,2,20,3035.32,South,Debit Card,Wholesale
ORD-10788,2025-08-21,Cotton T-Shirt,Clothing,658.57,2,5,1251.28,East,Cash on Delivery,Wholesale
ORD-10370,2025-08-21,Air Purifier,Home & Kitchen,5762.51,3,0,17287.53,South,Debit Card,Premium
ORD-10928,2025-08-21,Winter Jacket,Clothing,3888.6,2,20,6221.76,East,Credit Card,Premium
ORD-10252,2025-08-22,Winter Jacket,Clothing,4460.67,1,10,4014.6,West,Credit Card,Premium
ORD-10827,2025-08-23,USB-C Hub,Electronics,1240.79,1,10,1116.71,South,Debit Card,New
ORD-10036,2025-08-24,System Design,Books,495.13,3,5,1411.13,Central,UPI,New
ORD-10114,2025-08-25,Air Purifier,Home & Kitchen,6761.99,3,10,18257.38,Central,Cash on Delivery,Premium
ORD-10620,2025-08-25,Data Science Handbook,Books,738.89,1,20,591.11,East,UPI,Returning
ORD-10201,2025-08-25,Running Shoes,Clothing,2685.97,1,0,2685.97,East,Cash on Delivery,Returning
ORD-10647,2025-08-26,USB-C Hub,Electronics,1156.49,1,5,1098.66,West,UPI,Premium
ORD-10429,2025-08-26,Running Shoes,Clothing,3194.59,1,10,2875.13,Central,Debit Card,Returning
ORD-10830,2025-08-27,Mechanical Keyboard,Electronics,3357.82,3,0,10073.45,South,Cash on Delivery,Returning
ORD-10612,2025-08-27,Vacuum Cleaner,Home & Kitchen,4617.9,3,20,11082.97,West,Cash on Delivery,New
ORD-10977,2025-08-28,Blender,Home & Kitchen,1876.56,1,0,1876.56,East,Cash on Delivery,Returning
ORD-10313,2025-08-28,Blender,Home & Kitchen,1777.15,1,10,1599.44,Central,Credit Card,Premium
ORD-10193,2025-08-29,Denim Jeans,Clothing,1607.01,2,10,2892.61,South,UPI,Returning
ORD-10994,2025-08-30,Iron Press,Home & Kitchen,1139.88,3,0,3419.63,South,UPI,Premium
ORD-10067,2025-08-30,Clean Code,Books,808.79,2,5,1536.7,East,Debit Card,Premium
ORD-10883,2025-08-30,Mechanical Keyboard,Electronics,3652.51,1,0,3652.51,North,Net Banking,Premium
ORD-10719,2025-08-30,Formal Shirt,Clothing,1433.08,2,20,2292.92,South,Cash on Delivery,Premium
ORD-10210,2025-08-31,Blender,Home & Kitchen,1755.47,2,20,2808.76,Central,UPI,Returning
ORD-10053,2025-09-01,Blender,Home & Kitchen,1825.91,1,15,1552.02,South,Debit Card,Premium
ORD-10666,2025-09-03,Atomic Habits,Books,336.95,1,5,320.1,North,Credit Card,Wholesale
ORD-10512,2025-09-03,Iron Press,Home & Kitchen,1050.96,3,0,3152.89,North,UPI,Wholesale
ORD-10517,2025-09-04,Vacuum Cleaner,Home & Kitchen,3623.85,2,10,6522.93,East,Debit Card,New
ORD-10297,2025-09-04,Vacuum Cleaner,Home & Kitchen,3798.94,3,15,9687.29,West,Net Banking,Wholesale
ORD-10631,2025-09-04,Formal Shirt,Clothing,1182.57,1,10,1064.31,South,Cash on Delivery,Returning
ORD-10684,2025-09-04,Winter Jacket,Clothing,4722.68,1,20,3778.15,South,Cash on Delivery,Premium
ORD-10744,2025-09-06,System Design,Books,492.31,1,10,443.08,South,Credit Card,Returning
ORD-10664,2025-09-07,Iron Press,Home & Kitchen,975.84,2,0,1951.67,North,Debit Card,Premium
ORD-10673,2025-09-07,Denim Jeans,Clothing,1781.38,2,15,3028.34,West,UPI,New
ORD-10995,2025-09-08,Smart Watch,Electronics,4534.15,3,5,12922.32,South,Net Banking,Premium
ORD-10354,2025-09-09,Blender,Home & Kitchen,2019.62,1,20,1615.7,North,Cash on Delivery,New
ORD-10867,2025-09-09,Bluetooth Speaker,Electronics,2365.33,2,15,4021.06,West,Cash on Delivery,Premium
ORD-10121,2025-09-09,Running Shoes,Clothing,2702.11,1,0,2702.11,South,Net Banking,Wholesale
ORD-10324,2025-09-09,Coffee Maker,Home & Kitchen,2940.55,2,0,5881.1,South,Debit Card,Premium
ORD-10109,2025-09-09,Smart Watch,Electronics,4989.29,3,10,13471.1,East,Debit Card,Premium
ORD-10919,2025-09-09,Cotton T-Shirt,Clothing,563.25,1,20,450.6,South,UPI,Wholesale
ORD-10035,2025-09-10,Formal Shirt,Clothing,1540.63,3,10,4159.7,East,Credit Card,Returning
ORD-10982,2025-09-10,Air Purifier,Home & Kitchen,6471.13,1,20,5176.91,Central,Credit Card,Returning
ORD-10717,2025-09-10,Smart Watch,Electronics,4415.92,1,0,4415.92,North,Net Banking,Premium
ORD-10837,2025-09-10,USB-C Hub,Electronics,1301.41,1,0,1301.41,East,UPI,Returning
ORD-10478,2025-09-10,Air Purifier,Home & Kitchen,6084.31,2,10,10951.77,South,Cash on Delivery,Wholesale
ORD-10390,2025-09-11,Winter Jacket,Clothing,3321.39,3,0,9964.16,South,Net Banking,Returning
ORD-10660,2025-09-11,Cotton T-Shirt,Clothing,710.78,2,0,1421.57,North,Debit Card,Premium
ORD-10364,2025-09-11,Denim Jeans,Clothing,1245.29,1,0,1245.29,West,Cash on Delivery,Returning
ORD-10304,2025-09-12,Clean Code,Books,745.92,3,15,1902.09,North,Net Banking,Returning
ORD-10178,2025-09-12,Clean Code,Books,729.85,1,0,729.85,North,Net Banking,Wholesale
ORD-10483,2025-09-13,USB-C Hub,Electronics,1158.5,2,0,2317.0,Central,Debit Card,New
ORD-10986,2025-09-13,USB-C Hub,Electronics,1342.85,2,20,2148.56,Central,Debit Card,Premium
ORD-10175,2025-09-14,Atomic Habits,Books,462.53,1,5,439.4,East,UPI,Premium
ORD-10677,2025-09-14,Running Shoes,Clothing,2626.26,1,5,2494.95,Central,Debit Card,New
ORD-10022,2025-09-15,Denim Jeans,Clothing,1520.19,1,0,1520.19,Central,Cash on Delivery,New
ORD-10685,2025-09-15,System Design,Books,494.07,2,20,790.5,Central,UPI,Wholesale
ORD-10242,2025-09-16,Python Crash Course,Books,547.25,1,0,547.25,West,UPI,Wholesale
ORD-10937,2025-09-16,Formal Shirt,Clothing,1465.1,1,0,1465.1,Central,Cash on Delivery,Premium
ORD-10322,2025-09-16,Denim Jeans,Clothing,1598.11,1,20,1278.49,West,Debit Card,New
ORD-10091,2025-09-17,Clean Code,Books,761.84,2,20,1218.95,North,Cash on Delivery,New
ORD-10147,2025-09-18,Data Science Handbook,Books,918.35,1,5,872.43,South,UPI,Premium
ORD-10574,2025-09-19,Python Crash Course,Books,487.04,1,15,413.98,East,Debit Card,New
ORD-10353,2025-09-20,Bluetooth Speaker,Electronics,2314.4,1,0,2314.4,West,UPI,Premium
ORD-10436,2025-09-21,Air Purifier,Home & Kitchen,6548.46,3,0,19645.39,North,Debit Card,Premium
ORD-10566,2025-09-21,Clean Code,Books,814.46,2,0,1628.91,Central,Cash on Delivery,Returning
ORD-10078,2025-09-21,Bluetooth Speaker,Electronics,1830.04,2,0,3660.08,East,UPI,Returning
ORD-10724,2025-09-21,Cotton T-Shirt,Clothing,567.91,1,5,539.51,East,Credit Card,Premium
ORD-10531,2025-09-21,Vacuum Cleaner,Home & Kitchen,3979.33,2,0,7958.67,East,Net Banking,Premium
ORD-10068,2025-09-22,Running Shoes,Clothing,3107.32,2,5,5903.9,Central,Net Banking,Returning
ORD-10791,2025-09-22,Data Science Handbook,Books,656.39,1,0,656.39,Central,Credit Card,Returning
ORD-10343,2025-09-24,Winter Jacket,Clothing,4532.71,1,0,4532.71,South,Debit Card,Wholesale
ORD-10155,2025-09-25,Iron Press,Home & Kitchen,941.75,2,10,1695.15,North,Credit Card,Wholesale
ORD-10765,2025-09-25,Air Purifier,Home & Kitchen,5302.87,2,0,10605.74,South,Credit Card,Premium
ORD-10703,2025-09-25,Clean Code,Books,578.54,1,0,578.54,South,Cash on Delivery,Premium
ORD-10268,2025-09-25,Winter Jacket,Clothing,4103.5,1,0,4103.5,North,Net Banking,Wholesale
ORD-10585,2025-09-26,Air Purifier,Home & Kitchen,5661.16,2,20,9057.85,North,UPI,New
ORD-10102,2025-09-27,Iron Press,Home & Kitchen,822.31,1,0,822.31,East,Cash on Delivery,Returning
ORD-10045,2025-09-28,Smart Watch,Electronics,4023.6,1,0,4023.6,West,Cash on Delivery,Returning
ORD-10105,2025-09-28,Winter Jacket,Clothing,3345.54,1,0,3345.54,East,Cash on Delivery,New
ORD-10003,2025-09-28,Bluetooth Speaker,Electronics,2043.32,2,10,3677.98,Central,Debit Card,Returning
ORD-10560,2025-09-28,Wireless Headphones,Electronics,2607.28,1,15,2216.18,West,Credit Card,Premium
ORD-10623,2025-09-29,USB-C Hub,Electronics,1081.41,1,0,1081.41,South,Cash on Delivery,Premium
ORD-10945,2025-09-29,Cotton T-Shirt,Clothing,674.73,2,15,1147.04,East,Cash on Delivery,Returning
ORD-10774,2025-09-30,Wireless Headphones,Electronics,2682.8,3,20,6438.71,South,Credit Card,Premium
ORD-10507,2025-09-30,Coffee Maker,Home & Kitchen,2583.63,1,5,2454.45,East,Debit Card,Premium
ORD-10062,2025-10-01,Air Purifier,Home & Kitchen,5780.0,2,0,11560.0,Central,Credit Card,New
ORD-10594,2025-10-02,Winter Jacket,Clothing,3311.34,3,5,9437.33,East,Cash on Delivery,Wholesale
ORD-10869,2025-10-02,Blender,Home & Kitchen,2030.53,1,0,2030.53,North,Cash on Delivery,Returning
ORD-10030,2025-10-04,Formal Shirt,Clothing,1260.26,1,5,1197.24,North,Cash on Delivery,Premium
ORD-10412,2025-10-04,Formal Shirt,Clothing,1131.63,1,15,961.89,Central,UPI,New
ORD-10743,2025-10-04,Air Purifier,Home & Kitchen,6590.17,1,20,5272.14,North,Net Banking,New
ORD-10440,2025-10-04,System Design,Books,481.94,1,0,481.94,South,Net Banking,Premium
ORD-10629,2025-10-05,Running Shoes,Clothing,3573.79,1,0,3573.79,Central,UPI,Wholesale
ORD-10769,2025-10-06,Vacuum Cleaner,Home & Kitchen,5085.56,1,0,5085.56,North,Credit Card,New
ORD-10603,2025-10-06,System Design,Books,588.07,1,0,588.07,North,Cash on Delivery,Wholesale
ORD-10682,2025-10-07,Bluetooth Speaker,Electronics,1780.53,1,20,1424.42,Central,UPI,Premium
ORD-10118,2025-10-07,Data Science Handbook,Books,660.88,1,0,660.88,West,Credit Card,Returning
ORD-10467,2025-10-07,Cotton T-Shirt,Clothing,640.42,1,15,544.36,South,Debit Card,Returning
ORD-10306,2025-10-07,Data Science Handbook,Books,709.58,2,0,1419.17,Central,Net Banking,New
ORD-10495,2025-10-07,Air Purifier,Home & Kitchen,5770.0,1,0,5770.0,Central,Credit Card,Wholesale
ORD-10487,2025-10-08,System Design,Books,612.63,1,15,520.73,North,UPI,Premium
ORD-10846,2025-10-10,Python Crash Course,Books,543.0,3,10,1466.11,Central,Credit Card,New
ORD-10236,2025-10-10,Bluetooth Speaker,Electronics,2136.1,3,20,5126.63,North,Cash on Delivery,New
ORD-10437,2025-10-10,Mechanical Keyboard,Electronics,2998.18,3,15,7645.36,West,Cash on Delivery,New
ORD-10181,2025-10-10,Smart Watch,Electronics,4223.76,2,20,6758.02,Central,Cash on Delivery,New
ORD-10212,2025-10-11,Smart Watch,Electronics,4968.21,1,10,4471.39,North,UPI,New
ORD-10793,2025-10-11,Formal Shirt,Clothing,1256.54,1,0,1256.54,West,Net Banking,Returning
ORD-10220,2025-10-11,Iron Press,Home & Kitchen,1136.61,2,0,2273.21,West,Debit Card,Wholesale
ORD-10443,2025-10-11,System Design,Books,689.89,1,5,655.4,West,Cash on Delivery,Premium
ORD-10711,2025-10-12,Running Shoes,Clothing,2596.68,2,20,4154.69,South,Debit Card,New
ORD-10640,2025-10-12,Winter Jacket,Clothing,4639.26,1,0,4639.26,Central,Cash on Delivery,Wholesale
ORD-10993,2025-10-13,Coffee Maker,Home & Kitchen,2721.68,2,15,4626.86,Central,Debit Card,Premium
ORD-10773,2025-10-13,System Design,Books,671.1,1,20,536.88,West,Debit Card,Premium
ORD-10225,2025-10-13,Python Crash Course,Books,521.74,2,20,834.79,Central,UPI,New
ORD-10441,2025-10-13,System Design,Books,599.26,3,0,1797.78,North,Credit Card,Wholesale
ORD-10542,2025-10-15,Cotton T-Shirt,Clothing,524.9,1,0,524.9,East,Cash on Delivery,Wholesale
ORD-10497,2025-10-15,Data Science Handbook,Books,813.57,1,10,732.21,South,Debit Card,New
ORD-10659,2025-10-16,Mechanical Keyboard,Electronics,3241.16,1,10,2917.04,North,Net Banking,Returning
ORD-10999,2025-10-16,Vacuum Cleaner,Home & Kitchen,3871.42,1,10,3484.27,Central,Net Banking,Returning
ORD-10145,2025-10-16,Data Science Handbook,Books,840.15,2,5,1596.29,West,Cash on Delivery,Wholesale
ORD-10410,2025-10-16,Clean Code,Books,774.95,3,5,2208.6,North,Net Banking,Returning
ORD-10669,2025-10-17,System Design,Books,641.74,3,0,1925.23,South,Cash on Delivery,Wholesale
ORD-10613,2025-10-17,Running Shoes,Clothing,3365.66,2,0,6731.31,West,Net Banking,Wholesale
ORD-10865,2025-10-19,Running Shoes,Clothing,3247.26,1,20,2597.81,North,Net Banking,Returning
ORD-10162,2025-10-20,Clean Code,Books,611.86,2,15,1040.17,Central,Debit Card,New
ORD-10305,2025-10-21,USB-C Hub,Electronics,1342.03,3,0,4026.08,Central,Net Banking,New
ORD-10026,2025-10-21,Mechanical Keyboard,Electronics,3013.14,2,15,5122.34,East,Credit Card,Premium
ORD-10269,2025-10-22,Python Crash Course,Books,435.73,1,0,435.73,Central,Cash on Delivery,Premium
ORD-10111,2025-10-23,Data Science Handbook,Books,911.05,1,0,911.05,Central,UPI,New
ORD-10351,2025-10-25,Formal Shirt,Clothing,1290.38,3,20,3096.91,South,Cash on Delivery,Returning
ORD-10511,2025-10-26,Data Science Handbook,Books,687.33,1,10,618.6,Central,Net Banking,Wholesale
ORD-10128,2025-10-28,Vacuum Cleaner,Home & Kitchen,5033.12,2,10,9059.61,West,Debit Card,Premium
ORD-10863,2025-10-28,Vacuum Cleaner,Home & Kitchen,4207.43,2,0,8414.86,Central,Credit Card,New
ORD-10470,2025-10-29,Bluetooth Speaker,Electronics,2029.65,1,5,1928.17,West,Credit Card,Returning
ORD-10715,2025-10-29,Formal Shirt,Clothing,1177.41,1,0,1177.41,West,Net Banking,Premium
ORD-10988,2025-10-30,Bluetooth Speaker,Electronics,1789.77,1,10,1610.8,South,Cash on Delivery,New
ORD-10913,2025-10-30,Smart Watch,Electronics,5024.67,1,15,4270.97,Central,UPI,Returning
ORD-10104,2025-10-31,Vacuum Cleaner,Home & Kitchen,4003.1,2,20,6404.97,North,Credit Card,Wholesale
ORD-10449,2025-10-31,System Design,Books,667.35,2,5,1267.97,Central,Debit Card,Premium
ORD-10373,2025-10-31,USB-C Hub,Electronics,1424.17,2,5,2705.93,East,Credit Card,New
ORD-10363,2025-10-31,Atomic Habits,Books,470.45,1,10,423.41,Central,UPI,Premium
ORD-10413,2025-10-31,Bluetooth Speaker,Electronics,2314.56,2,0,4629.11,West,Credit Card,Returning
ORD-10556,2025-11-01,Mechanical Keyboard,Electronics,3876.12,2,15,6589.41,South,Net Banking,Premium
ORD-10929,2025-11-01,Cotton T-Shirt,Clothing,518.4,2,15,881.28,East,Credit Card,Premium
ORD-10520,2025-11-02,Vacuum Cleaner,Home & Kitchen,4395.15,1,10,3955.64,East,Credit Card,Wholesale
ORD-10251,2025-11-03,Data Science Handbook,Books,742.15,3,0,2226.44,Central,Cash on Delivery,Returning
ORD-10057,2025-11-03,USB-C Hub,Electronics,1277.69,2,15,2172.07,West,Net Banking,Wholesale
ORD-10583,2025-11-04,Clean Code,Books,781.08,1,10,702.97,South,Cash on Delivery,New
ORD-10334,2025-11-04,Wireless Headphones,Electronics,2945.47,1,10,2650.92,South,Cash on Delivery,Returning
ORD-10021,2025-11-05,Coffee Maker,Home & Kitchen,2736.31,2,0,5472.62,North,Credit Card,Premium
ORD-10402,2025-11-06,Iron Press,Home & Kitchen,1178.45,3,10,3181.81,South,Debit Card,Returning
ORD-10092,2025-11-06,Cotton T-Shirt,Clothing,655.99,1,10,590.39,South,Cash on Delivery,Returning
ORD-10581,2025-11-07,Bluetooth Speaker,Electronics,2074.84,1,5,1971.1,East,UPI,Wholesale
ORD-10902,2025-11-08,Winter Jacket,Clothing,3767.51,2,10,6781.52,Central,Debit Card,Returning
ORD-10992,2025-11-08,Cotton T-Shirt,Clothing,649.15,2,15,1103.55,East,Cash on Delivery,Returning
ORD-10526,2025-11-09,Data Science Handbook,Books,771.46,2,15,1311.48,South,Credit Card,New
ORD-10734,2025-11-10,Bluetooth Speaker,Electronics,2082.41,1,10,1874.17,East,Cash on Delivery,Premium
ORD-10033,2025-11-10,Winter Jacket,Clothing,4294.24,2,0,8588.48,Central,Credit Card,New
ORD-10553,2025-11-10,Wireless Headphones,Electronics,2151.19,1,0,2151.19,Central,Credit Card,Wholesale
ORD-10256,2025-11-11,Atomic Habits,Books,348.64,2,0,697.28,South,UPI,New
ORD-10524,2025-11-12,Running Shoes,Clothing,3211.97,1,20,2569.57,East,Net Banking,Wholesale
ORD-10065,2025-11-12,System Design,Books,709.85,2,10,1277.73,Central,Debit Card,Premium
ORD-10959,2025-11-12,Winter Jacket,Clothing,3682.91,1,20,2946.33,West,Debit Card,New
ORD-10448,2025-11-13,Bluetooth Speaker,Electronics,2140.96,1,0,2140.96,West,Credit Card,New
ORD-10890,2025-11-13,Air Purifier,Home & Kitchen,5435.37,1,5,5163.6,South,Credit Card,Wholesale
ORD-10912,2025-11-13,Bluetooth Speaker,Electronics,2154.01,1,0,2154.01,North,Net Banking,Premium
ORD-10602,2025-11-14,Iron Press,Home & Kitchen,1141.73,3,0,3425.2,North,Cash on Delivery,Returning
ORD-10264,2025-11-14,Formal Shirt,Clothing,1120.46,2,0,2240.91,West,Debit Card,Returning
ORD-10248,2025-11-14,Winter Jacket,Clothing,3202.21,2,0,6404.41,West,Cash on Delivery,New
ORD-10593,2025-11-15,Vacuum Cleaner,Home & Kitchen,5330.89,1,5,5064.34,Central,Debit Card,Wholesale
ORD-10054,2025-11-16,Running Shoes,Clothing,2941.68,1,0,2941.68,West,UPI,Premium
ORD-10857,2025-11-17,Python Crash Course,Books,402.03,1,20,321.63,West,UPI,New
ORD-10530,2025-11-17,System Design,Books,491.66,2,0,983.31,North,Cash on Delivery,Wholesale
ORD-10541,2025-11-18,Python Crash Course,Books,487.37,1,0,487.37,South,Net Banking,Wholesale
ORD-10492,2025-11-19,Bluetooth Speaker,Electronics,1978.41,2,10,3561.15,East,Debit Card,Wholesale
ORD-10484,2025-11-19,Formal Shirt,Clothing,1306.76,3,15,3332.24,North,Credit Card,Returning
ORD-10704,2025-11-19,Running Shoes,Clothing,3232.87,2,0,6465.73,Central,Debit Card,Wholesale
ORD-10298,2025-11-20,Running Shoes,Clothing,2894.35,3,0,8683.04,West,Credit Card,New
ORD-10667,2025-11-21,USB-C Hub,Electronics,1123.72,1,5,1067.53,East,Debit Card,Wholesale
ORD-10678,2025-11-21,System Design,Books,526.37,1,5,500.06,East,Debit Card,Wholesale
ORD-10307,2025-11-21,Wireless Headphones,Electronics,2668.13,1,0,2668.13,North,Net Banking,Premium
ORD-10559,2025-11-22,Wireless Headphones,Electronics,2794.89,1,0,2794.89,North,Cash on Delivery,New
ORD-10319,2025-11-22,Iron Press,Home & Kitchen,956.87,2,0,1913.75,West,Net Banking,New
ORD-10131,2025-11-23,System Design,Books,715.05,1,10,643.55,South,Debit Card,Returning
ORD-10861,2025-11-23,Blender,Home & Kitchen,1535.14,3,0,4605.43,East,Credit Card,New
ORD-10208,2025-11-23,Coffee Maker,Home & Kitchen,2824.07,2,10,5083.33,South,Net Banking,Returning
ORD-10154,2025-11-24,System Design,Books,706.48,1,15,600.51,West,Cash on Delivery,New
ORD-10060,2025-11-25,Running Shoes,Clothing,2942.97,1,15,2501.52,West,Credit Card,Returning
ORD-10943,2025-11-26,Denim Jeans,Clothing,1382.61,2,0,2765.23,South,Cash on Delivery,Returning
ORD-10708,2025-11-26,System Design,Books,629.11,1,5,597.66,Central,Net Banking,Premium
ORD-10012,2025-11-27,System Design,Books,497.38,1,20,397.9,East,Cash on Delivery,Wholesale
ORD-10227,2025-11-27,Bluetooth Speaker,Electronics,1656.18,1,10,1490.56,West,Net Banking,Wholesale
ORD-10828,2025-11-27,Air Purifier,Home & Kitchen,5970.49,1,15,5074.91,East,Debit Card,Returning
ORD-10683,2025-12-02,Vacuum Cleaner,Home & Kitchen,4935.03,2,20,7896.05,East,Cash on Delivery,Premium
ORD-10722,2025-12-03,Mechanical Keyboard,Electronics,3398.49,2,0,6796.97,East,Debit Card,Premium
ORD-10340,2025-12-04,Mechanical Keyboard,Electronics,4137.1,2,0,8274.21,West,Debit Card,Wholesale
ORD-10115,2025-12-04,Winter Jacket,Clothing,4186.04,1,0,4186.04,North,Debit Card,Wholesale
ORD-10400,2025-12-04,Coffee Maker,Home & Kitchen,2688.92,1,0,2688.92,South,Net Banking,Wholesale
ORD-10853,2025-12-05,Bluetooth Speaker,Electronics,2255.35,1,0,2255.35,East,Credit Card,Premium
ORD-10798,2025-12-05,Atomic Habits,Books,452.71,3,0,1358.13,Central,UPI,Premium
ORD-10224,2025-12-06,Formal Shirt,Clothing,1445.1,2,0,2890.19,South,UPI,Returning
ORD-10389,2025-12-06,USB-C Hub,Electronics,1275.58,1,5,1211.8,South,Cash on Delivery,Premium
ORD-10072,2025-12-06,Clean Code,Books,706.18,2,0,1412.37,Central,UPI,Returning
ORD-10691,2025-12-06,Vacuum Cleaner,Home & Kitchen,4977.64,1,5,4728.76,West,Credit Card,Wholesale
ORD-10656,2025-12-07,Vacuum Cleaner,Home & Kitchen,3674.03,1,0,3674.03,West,Credit Card,Returning
ORD-10780,2025-12-08,Blender,Home & Kitchen,2124.3,2,20,3398.89,East,Cash on Delivery,New
ORD-10499,2025-12-08,Vacuum Cleaner,Home & Kitchen,4870.86,2,0,9741.72,West,Cash on Delivery,Premium
ORD-10858,2025-12-08,Smart Watch,Electronics,4574.11,1,20,3659.29,North,Cash on Delivery,Wholesale
ORD-10545,2025-12-08,Blender,Home & Kitchen,1699.27,1,0,1699.27,West,UPI,New
ORD-10555,2025-12-08,Iron Press,Home & Kitchen,985.53,1,10,886.98,South,Debit Card,Premium
ORD-10283,2025-12-09,Running Shoes,Clothing,3457.75,2,0,6915.49,North,Net Banking,Premium
ORD-10023,2025-12-10,Clean Code,Books,779.85,2,0,1559.7,West,Debit Card,Premium
ORD-10133,2025-12-10,Coffee Maker,Home & Kitchen,2241.15,1,15,1904.98,West,Cash on Delivery,New
ORD-10037,2025-12-11,USB-C Hub,Electronics,1124.24,2,10,2023.62,Central,UPI,Premium
ORD-10130,2025-12-11,Wireless Headphones,Electronics,2159.96,3,15,5507.9,Central,Net Banking,Returning
ORD-10069,2025-12-12,Python Crash Course,Books,486.25,2,0,972.5,West,Debit Card,Returning
ORD-10876,2025-12-12,Running Shoes,Clothing,2892.41,1,0,2892.41,East,Net Banking,Premium
ORD-10328,2025-12-12,Iron Press,Home & Kitchen,958.79,2,10,1725.82,North,Credit Card,Premium
ORD-10598,2025-12-12,Mechanical Keyboard,Electronics,3398.87,2,0,6797.74,East,Net Banking,Premium
ORD-10185,2025-12-12,Winter Jacket,Clothing,3467.96,1,5,3294.56,South,Credit Card,Premium
ORD-10356,2025-12-12,Mechanical Keyboard,Electronics,4095.77,1,15,3481.4,Central,UPI,Premium
ORD-10954,2025-12-14,Bluetooth Speaker,Electronics,2159.83,2,15,3671.72,South,Net Banking,Premium
ORD-10897,2025-12-14,Running Shoes,Clothing,3269.3,2,20,5230.88,South,UPI,Wholesale
ORD-10229,2025-12-14,Air Purifier,Home & Kitchen,5035.31,3,15,12840.04,South,Cash on Delivery,New
ORD-10396,2025-12-15,Blender,Home & Kitchen,1998.28,1,0,1998.28,South,Cash on Delivery,Premium
ORD-10630,2025-12-15,Air Purifier,Home & Kitchen,6933.83,3,0,20801.48,North,Debit Card,Wholesale
ORD-10321,2025-12-15,Wireless Headphones,Electronics,2635.35,3,10,7115.44,North,Cash on Delivery,Returning
ORD-10468,2025-12-15,Vacuum Cleaner,Home & Kitchen,4487.3,2,15,7628.42,East,Debit Card,Returning
ORD-10002,2025-12-15,Coffee Maker,Home & Kitchen,2012.87,3,5,5736.67,North,Net Banking,Premium
ORD-10578,2025-12-16,Blender,Home & Kitchen,1857.59,2,5,3529.42,East,UPI,Wholesale
ORD-10103,2025-12-17,Mechanical Keyboard,Electronics,3163.42,1,0,3163.42,South,Credit Card,Wholesale
ORD-10332,2025-12-18,Clean Code,Books,662.67,3,5,1888.6,West,Credit Card,Wholesale
ORD-10191,2025-12-18,System Design,Books,575.32,1,0,575.32,North,Cash on Delivery,New
ORD-10540,2025-12-20,Winter Jacket,Clothing,3964.6,1,15,3369.91,East,Cash on Delivery,Wholesale
ORD-10771,2025-12-21,Atomic Habits,Books,380.19,1,0,380.19,South,UPI,Premium
ORD-10580,2025-12-21,Smart Watch,Electronics,5152.68,2,0,10305.37,Central,Net Banking,New
ORD-10519,2025-12-21,Mechanical Keyboard,Electronics,3362.31,1,0,3362.31,West,Net Banking,New
ORD-10747,2025-12-23,Data Science Handbook,Books,716.6,1,0,716.6,East,Credit Card,Wholesale
ORD-10963,2025-12-23,Atomic Habits,Books,461.64,2,0,923.28,South,Net Banking,New
ORD-10662,2025-12-23,Mechanical Keyboard,Electronics,3274.09,2,15,5565.96,East,Cash on Delivery,New
ORD-10947,2025-12-24,Winter Jacket,Clothing,4201.78,2,15,7143.03,West,Net Banking,Premium
ORD-10243,2025-12-25,Clean Code,Books,743.05,1,0,743.05,Central,UPI,Premium
ORD-10180,2025-12-25,Smart Watch,Electronics,5834.34,2,5,11085.24,North,Cash on Delivery,Wholesale
ORD-10165,2025-12-26,Iron Press,Home & Kitchen,1065.72,1,0,1065.72,West,Debit Card,Returning
ORD-10085,2025-12-26,System Design,Books,654.64,2,0,1309.28,Central,Credit Card,Returning
ORD-10017,2025-12-26,Coffee Maker,Home & Kitchen,2686.71,3,0,8060.13,Central,Credit Card,Returning
ORD-10493,2025-12-26,Python Crash Course,Books,545.17,1,0,545.17,Central,Credit Card,Returning
ORD-10341,2025-12-26,Wireless Headphones,Electronics,2087.37,1,20,1669.89,West,Credit Card,New
ORD-10892,2025-12-27,Iron Press,Home & Kitchen,1058.76,2,20,1694.02,Central,Cash on Delivery,Wholesale
ORD-10772,2025-12-27,Air Purifier,Home & Kitchen,6153.52,2,0,12307.05,East,Cash on Delivery,New
ORD-10871,2025-12-30,Formal Shirt,Clothing,1550.14,2,20,2480.23,North,UPI,Wholesale
ORD-10051,2025-12-30,Formal Shirt,Clothing,1103.97,1,0,1103.97,East,Net Banking,Premium
ORD-10433,2025-12-31,Clean Code,Books,693.93,1,5,659.23,West,Credit Card,Premium
ORD-10856,2025-12-31,Running Shoes,Clothing,3536.86,3,20,8488.47,South,Debit Card,Premium
ORD-10996,2025-12-31,Running Shoes,Clothing,2850.56,2,0,5701.12,South,Net Banking,Returning
ORD-10575,2025-12-31,USB-C Hub,Electronics,1470.96,3,10,3971.6,Central,Credit Card,Wholesale
ORD-10399,2026-01-01,Wireless Headphones,Electronics,2946.22,3,15,7512.85,West,Credit Card,Premium
ORD-10799,2026-01-02,Denim Jeans,Clothing,1756.93,2,20,2811.08,South,Credit Card,Returning
ORD-10444,2026-01-02,Running Shoes,Clothing,3000.82,3,20,7201.96,East,Debit Card,Wholesale
ORD-10074,2026-01-02,Smart Watch,Electronics,5439.32,2,0,10878.63,Central,UPI,New
ORD-10116,2026-01-02,Atomic Habits,Books,443.66,3,0,1330.99,South,Credit Card,Wholesale
ORD-10778,2026-01-03,Mechanical Keyboard,Electronics,3420.3,2,0,6840.6,Central,Credit Card,Returning
ORD-10775,2026-01-04,Cotton T-Shirt,Clothing,625.31,1,10,562.78,North,Net Banking,Wholesale
ORD-10766,2026-01-04,Atomic Habits,Books,455.33,1,0,455.33,Central,Net Banking,Returning
ORD-10360,2026-01-04,Mechanical Keyboard,Electronics,3835.57,2,10,6904.03,Central,Cash on Delivery,Wholesale
ORD-10900,2026-01-04,Clean Code,Books,574.61,1,0,574.61,West,Net Banking,Premium
ORD-10586,2026-01-05,Python Crash Course,Books,464.7,1,10,418.23,North,Credit Card,Wholesale
ORD-10425,2026-01-06,Clean Code,Books,789.81,1,0,789.81,North,Net Banking,Wholesale
ORD-10985,2026-01-06,Mechanical Keyboard,Electronics,4109.45,1,0,4109.45,North,Debit Card,Returning
ORD-10536,2026-01-06,Denim Jeans,Clothing,1244.06,2,5,2363.72,East,Net Banking,Returning
ORD-10308,2026-01-07,Blender,Home & Kitchen,2094.52,3,20,5026.85,North,UPI,Returning
ORD-10577,2026-01-07,Python Crash Course,Books,477.07,3,0,1431.2,East,Cash on Delivery,Premium
ORD-10461,2026-01-08,Formal Shirt,Clothing,1416.29,3,0,4248.86,North,Debit Card,Returning
ORD-10951,2026-01-08,USB-C Hub,Electronics,1412.31,1,10,1271.08,East,Credit Card,Premium
ORD-10015,2026-01-08,Winter Jacket,Clothing,4076.93,2,0,8153.85,West,Debit Card,Returning
ORD-10801,2026-01-08,Blender,Home & Kitchen,1564.83,1,0,1564.83,Central,Credit Card,Wholesale
ORD-10934,2026-01-08,Mechanical Keyboard,Electronics,3685.4,3,0,11056.19,South,Net Banking,Premium
ORD-10621,2026-01-08,Formal Shirt,Clothing,1388.57,1,5,1319.14,North,Cash on Delivery,Returning
ORD-10936,2026-01-09,Vacuum Cleaner,Home & Kitchen,5162.25,1,15,4387.91,Central,Debit Card,Returning
ORD-10257,2026-01-09,Coffee Maker,Home & Kitchen,2584.78,3,10,6978.89,North,UPI,New
ORD-10916,2026-01-09,Bluetooth Speaker,Electronics,2365.19,2,10,4257.35,North,UPI,Returning
ORD-10427,2026-01-10,USB-C Hub,Electronics,1310.7,2,0,2621.39,South,Net Banking,New
ORD-10740,2026-01-11,Running Shoes,Clothing,2699.07,1,10,2429.16,North,Net Banking,Wholesale
ORD-10235,2026-01-12,Formal Shirt,Clothing,1164.26,2,5,2212.1,East,Credit Card,Wholesale
ORD-10807,2026-01-14,Winter Jacket,Clothing,3958.64,2,0,7917.28,South,Credit Card,Premium
ORD-10146,2026-01-14,Cotton T-Shirt,Clothing,602.35,1,5,572.24,South,Net Banking,Returning
ORD-10187,2026-01-15,System Design,Books,534.77,3,10,1443.89,Central,Credit Card,Returning
ORD-10696,2026-01-15,Wireless Headphones,Electronics,2408.71,3,20,5780.9,East,Debit Card,Wholesale
ORD-10123,2026-01-15,Formal Shirt,Clothing,1379.28,1,0,1379.28,North,Cash on Delivery,Wholesale
ORD-10464,2026-01-15,Python Crash Course,Books,508.36,1,0,508.36,South,Cash on Delivery,New
ORD-10891,2026-01-18,Running Shoes,Clothing,2985.26,1,15,2537.47,Central,Credit Card,Wholesale
ORD-10398,2026-01-19,Mechanical Keyboard,Electronics,3537.16,2,20,5659.46,West,UPI,Premium
ORD-10796,2026-01-19,Iron Press,Home & Kitchen,1109.61,1,10,998.65,East,UPI,Returning
ORD-10688,2026-01-19,Formal Shirt,Clothing,1550.5,2,0,3101.01,North,Cash on Delivery,New
ORD-10415,2026-01-19,Data Science Handbook,Books,880.26,1,0,880.26,North,UPI,Returning
ORD-10234,2026-01-20,Wireless Headphones,Electronics,2375.04,3,5,6768.87,South,Credit Card,Returning
ORD-10362,2026-01-20,Formal Shirt,Clothing,1250.73,3,0,3752.2,East,UPI,Returning
ORD-10287,2026-01-20,USB-C Hub,Electronics,1516.3,3,0,4548.9,West,Cash on Delivery,New
ORD-10622,2026-01-20,Winter Jacket,Clothing,3449.24,3,0,10347.73,Central,Debit Card,Wholesale
ORD-10505,2026-01-21,Denim Jeans,Clothing,1383.22,2,10,2489.8,East,UPI,New
ORD-10716,2026-01-21,USB-C Hub,Electronics,1458.89,1,10,1313.0,Central,Cash on Delivery,Returning
ORD-10270,2026-01-21,Cotton T-Shirt,Clothing,683.01,1,0,683.01,Central,Net Banking,Returning
ORD-10071,2026-01-21,Wireless Headphones,Electronics,2540.62,2,0,5081.24,North,UPI,Returning
ORD-10027,2026-01-21,Vacuum Cleaner,Home & Kitchen,3632.03,2,5,6900.86,South,Cash on Delivery,Wholesale
ORD-10895,2026-01-22,Vacuum Cleaner,Home & Kitchen,4923.56,2,15,8370.06,Central,Debit Card,Premium
ORD-10271,2026-01-22,Clean Code,Books,710.9,3,0,2132.69,North,Debit Card,Returning
ORD-10196,2026-01-23,Wireless Headphones,Electronics,2169.61,1,15,1844.17,North,Cash on Delivery,New
ORD-10063,2026-01-23,Vacuum Cleaner,Home & Kitchen,4015.04,1,20,3212.03,Central,Credit Card,Premium
ORD-10086,2026-01-23,USB-C Hub,Electronics,1154.14,1,0,1154.14,Central,Debit Card,Premium
ORD-10088,2026-01-25,Winter Jacket,Clothing,4368.55,1,0,4368.55,East,Net Banking,Returning
ORD-10983,2026-01-25,Clean Code,Books,594.65,2,0,1189.31,Central,Cash on Delivery,Premium
ORD-10525,2026-01-26,Wireless Headphones,Electronics,2643.2,1,0,2643.2,South,UPI,New
ORD-10732,2026-01-26,Winter Jacket,Clothing,3284.99,1,0,3284.99,East,Cash on Delivery,Premium
ORD-10142,2026-01-27,Bluetooth Speaker,Electronics,1728.47,3,0,5185.42,East,Net Banking,Wholesale
ORD-10416,2026-01-27,Cotton T-Shirt,Clothing,667.9,2,10,1202.21,West,Net Banking,Premium
ORD-10844,2026-01-28,Denim Jeans,Clothing,1404.88,1,0,1404.88,North,Net Banking,Premium
ORD-10510,2026-01-28,Clean Code,Books,744.29,2,20,1190.86,West,Debit Card,New
ORD-10182,2026-01-28,Cotton T-Shirt,Clothing,634.13,1,0,634.13,Central,Debit Card,Wholesale
ORD-10605,2026-01-28,Mechanical Keyboard,Electronics,3229.18,3,0,9687.54,West,Debit Card,New
ORD-10746,2026-01-29,Coffee Maker,Home & Kitchen,2722.94,1,20,2178.35,North,Credit Card,Wholesale
ORD-10672,2026-01-29,Data Science Handbook,Books,889.6,2,20,1423.35,Central,Credit Card,Premium
ORD-10312,2026-01-30,Coffee Maker,Home & Kitchen,2002.12,2,5,3804.03,South,UPI,Wholesale
ORD-10606,2026-01-31,Python Crash Course,Books,558.32,1,0,558.32,South,Credit Card,New
ORD-10804,2026-01-31,Clean Code,Books,652.71,2,5,1240.15,South,Net Banking,Wholesale
ORD-10786,2026-01-31,Cotton T-Shirt,Clothing,491.48,1,15,417.76,South,Net Banking,Premium
ORD-10693,2026-01-31,USB-C Hub,Electronics,1132.22,1,0,1132.22,South,Net Banking,Returning
ORD-10712,2026-02-01,Mechanical Keyboard,Electronics,3622.15,1,15,3078.83,North,UPI,Premium
ORD-10979,2026-02-01,Atomic Habits,Books,391.81,3,0,1175.43,South,Cash on Delivery,Wholesale
ORD-10781,2026-02-01,Bluetooth Speaker,Electronics,1971.04,2,20,3153.67,East,Debit Card,Wholesale
ORD-10820,2026-02-02,Formal Shirt,Clothing,1080.62,2,20,1728.99,South,Debit Card,Wholesale
ORD-10411,2026-02-02,Atomic Habits,Books,379.37,2,0,758.73,East,Net Banking,Wholesale
ORD-10179,2026-02-02,Cotton T-Shirt,Clothing,604.39,2,0,1208.77,Central,Credit Card,Returning
ORD-10533,2026-02-04,Coffee Maker,Home & Kitchen,2464.02,2,15,4188.84,West,Cash on Delivery,Premium
ORD-10652,2026-02-04,Running Shoes,Clothing,3275.21,2,0,6550.41,Central,Net Banking,Wholesale
ORD-10836,2026-02-05,Air Purifier,Home & Kitchen,6416.62,1,0,6416.62,West,Credit Card,Premium
ORD-10419,2026-02-05,Smart Watch,Electronics,5358.03,1,10,4822.23,West,Net Banking,Wholesale
ORD-10303,2026-02-05,Coffee Maker,Home & Kitchen,2299.0,3,0,6897.0,West,UPI,Wholesale
ORD-10095,2026-02-06,Winter Jacket,Clothing,3966.66,2,20,6346.65,North,Debit Card,Returning
ORD-10397,2026-02-06,Cotton T-Shirt,Clothing,628.33,1,0,628.33,Central,UPI,Premium
ORD-10926,2026-02-06,Data Science Handbook,Books,666.94,2,10,1200.48,South,Debit Card,Wholesale
ORD-10288,2026-02-07,Air Purifier,Home & Kitchen,6770.8,2,0,13541.6,Central,Debit Card,Returning
ORD-10327,2026-02-07,Air Purifier,Home & Kitchen,4827.29,3,5,13757.78,East,UPI,New
ORD-10789,2026-02-07,Smart Watch,Electronics,5913.09,3,5,16852.3,North,Cash on Delivery,Returning
ORD-10414,2026-02-08,System Design,Books,707.98,1,0,707.98,Central,Credit Card,Premium
ORD-10376,2026-02-08,Smart Watch,Electronics,4083.77,2,0,8167.53,West,UPI,New
ORD-10199,2026-02-11,Denim Jeans,Clothing,1671.63,1,10,1504.46,West,Cash on Delivery,Returning
ORD-10159,2026-02-11,Blender,Home & Kitchen,1545.95,2,0,3091.9,East,UPI,Returning
ORD-10522,2026-02-12,Vacuum Cleaner,Home & Kitchen,4443.73,2,5,8443.08,South,Cash on Delivery,Returning
ORD-10949,2026-02-12,Bluetooth Speaker,Electronics,2280.12,1,0,2280.12,Central,UPI,Premium
ORD-10749,2026-02-12,Python Crash Course,Books,477.41,1,15,405.79,Central,Credit Card,New
ORD-10381,2026-02-12,USB-C Hub,Electronics,1485.51,2,0,2971.03,Central,Net Banking,Wholesale
ORD-10521,2026-02-13,System Design,Books,687.27,1,15,584.18,South,Cash on Delivery,New
ORD-10901,2026-02-13,Denim Jeans,Clothing,1386.07,3,10,3742.38,North,Credit Card,Premium
ORD-10989,2026-02-13,Clean Code,Books,625.98,2,0,1251.96,East,Debit Card,New
ORD-10726,2026-02-14,Formal Shirt,Clothing,1350.94,1,0,1350.94,North,Net Banking,New
ORD-10119,2026-02-14,Cotton T-Shirt,Clothing,493.08,1,0,493.08,South,Net Banking,Wholesale
ORD-10246,2026-02-15,System Design,Books,660.4,3,0,1981.2,Central,Debit Card,Wholesale
ORD-10967,2026-02-15,Air Purifier,Home & Kitchen,6695.08,1,0,6695.08,Central,UPI,Returning
ORD-10978,2026-02-17,Smart Watch,Electronics,5252.62,2,0,10505.23,East,Cash on Delivery,New
ORD-10739,2026-02-17,Denim Jeans,Clothing,1463.42,2,20,2341.48,Central,Credit Card,Returning
ORD-10025,2026-02-18,Clean Code,Books,627.52,1,10,564.77,Central,Credit Card,New
ORD-10349,2026-02-19,Iron Press,Home & Kitchen,982.4,3,10,2652.49,East,Cash on Delivery,New
ORD-10868,2026-02-19,Python Crash Course,Books,576.65,1,0,576.65,West,Net Banking,Returning
ORD-10932,2026-02-19,Wireless Headphones,Electronics,2097.51,1,0,2097.51,North,Net Banking,New
ORD-10480,2026-02-20,Cotton T-Shirt,Clothing,555.54,2,0,1111.08,East,Net Banking,Premium
ORD-10296,2026-02-20,Bluetooth Speaker,Electronics,1646.45,1,0,1646.45,North,UPI,Premium
ORD-10509,2026-02-21,Wireless Headphones,Electronics,2527.71,2,10,4549.88,South,Net Banking,Premium
ORD-10706,2026-02-21,Python Crash Course,Books,435.68,1,0,435.68,North,UPI,New
ORD-10903,2026-02-21,Blender,Home & Kitchen,1480.29,2,15,2516.48,East,Credit Card,Wholesale
ORD-10972,2026-02-21,Cotton T-Shirt,Clothing,544.74,3,10,1470.8,East,Cash on Delivery,Wholesale
ORD-10698,2026-02-21,Atomic Habits,Books,348.12,2,0,696.25,East,Debit Card,Premium
ORD-10336,2026-02-21,Winter Jacket,Clothing,4048.72,2,5,7692.58,North,Cash on Delivery,New
ORD-10729,2026-02-22,Vacuum Cleaner,Home & Kitchen,5149.41,3,0,15448.22,South,Net Banking,Returning
ORD-10156,2026-02-22,Data Science Handbook,Books,915.4,3,5,2608.9,East,Net Banking,Wholesale
ORD-10144,2026-02-23,Wireless Headphones,Electronics,2839.32,1,15,2413.42,Central,Debit Card,New
ORD-10326,2026-02-24,System Design,Books,652.66,1,10,587.4,South,Net Banking,Returning
ORD-10386,2026-02-24,Iron Press,Home & Kitchen,1074.14,2,10,1933.46,South,Credit Card,Wholesale
ORD-10083,2026-02-24,System Design,Books,544.41,1,5,517.19,East,Net Banking,Wholesale
ORD-10741,2026-02-24,Mechanical Keyboard,Electronics,3897.98,1,10,3508.18,South,Debit Card,Wholesale
ORD-10387,2026-02-26,Denim Jeans,Clothing,1218.04,1,20,974.43,North,Cash on Delivery,Returning
ORD-10852,2026-02-26,Smart Watch,Electronics,4647.73,1,10,4182.96,East,Credit Card,New
ORD-10904,2026-02-26,Bluetooth Speaker,Electronics,2294.61,2,20,3671.37,East,Net Banking,Returning
ORD-10893,2026-02-27,Bluetooth Speaker,Electronics,1851.67,2,0,3703.34,South,Debit Card,Premium
ORD-10819,2026-02-27,Blender,Home & Kitchen,2091.33,2,5,3973.52,South,Net Banking,New
ORD-10337,2026-02-28,Smart Watch,Electronics,4970.19,1,0,4970.19,East,Net Banking,Wholesale
ORD-10582,2026-02-28,Data Science Handbook,Books,918.25,2,0,1836.49,Central,Net Banking,Returning
ORD-10701,2026-03-03,Wireless Headphones,Electronics,2353.44,1,20,1882.75,East,UPI,Premium
ORD-10077,2026-03-04,Running Shoes,Clothing,2620.37,2,5,4978.71,East,Debit Card,New
ORD-10172,2026-03-07,Bluetooth Speaker,Electronics,2032.87,1,15,1727.94,West,Net Banking,New
ORD-10498,2026-03-07,USB-C Hub,Electronics,1557.34,1,0,1557.34,Central,UPI,Premium
ORD-10079,2026-03-07,Winter Jacket,Clothing,3973.01,1,5,3774.36,West,UPI,Premium
ORD-10655,2026-03-08,USB-C Hub,Electronics,1377.93,1,5,1309.03,East,Debit Card,Returning
ORD-10845,2026-03-10,Smart Watch,Electronics,4919.73,3,0,14759.18,West,UPI,New
ORD-10347,2026-03-10,Cotton T-Shirt,Clothing,669.09,1,10,602.18,Central,Cash on Delivery,New
ORD-10636,2026-03-11,Bluetooth Speaker,Electronics,2037.5,3,0,6112.49,South,Credit Card,Returning
ORD-10806,2026-03-12,USB-C Hub,Electronics,1219.5,2,20,1951.2,North,Credit Card,Returning
ORD-10001,2026-03-12,Bluetooth Speaker,Electronics,2272.56,2,0,4545.12,South,Credit Card,Premium
ORD-10435,2026-03-14,Wireless Headphones,Electronics,2447.83,1,20,1958.27,East,Credit Card,Premium
ORD-10299,2026-03-15,Clean Code,Books,829.36,3,0,2488.08,East,UPI,Premium
ORD-10597,2026-03-15,Winter Jacket,Clothing,4206.66,1,15,3575.66,South,Debit Card,Returning
ORD-10275,2026-03-16,Blender,Home & Kitchen,1983.76,3,20,4761.02,Central,Cash on Delivery,Wholesale
ORD-10925,2026-03-17,System Design,Books,510.42,1,10,459.38,West,Net Banking,New
ORD-10940,2026-03-17,Formal Shirt,Clothing,1445.39,1,0,1445.39,Central,Credit Card,Returning
ORD-10217,2026-03-17,Smart Watch,Electronics,4266.75,2,15,7253.48,Central,Debit Card,Premium
ORD-10345,2026-03-17,Blender,Home & Kitchen,1689.1,2,20,2702.56,Central,UPI,New
ORD-10834,2026-03-18,Iron Press,Home & Kitchen,896.12,2,0,1792.24,West,Cash on Delivery,New
ORD-10266,2026-03-18,System Design,Books,710.03,2,0,1420.06,South,Cash on Delivery,Wholesale
ORD-10675,2026-03-18,Running Shoes,Clothing,2809.28,3,10,7585.06,West,Net Banking,New
ORD-10325,2026-03-19,Iron Press,Home & Kitchen,803.25,1,0,803.25,North,Credit Card,Premium
ORD-10424,2026-03-19,System Design,Books,679.46,2,5,1290.98,South,Net Banking,Wholesale
ORD-10075,2026-03-20,Vacuum Cleaner,Home & Kitchen,4674.3,2,10,8413.75,North,Net Banking,Premium
ORD-10029,2026-03-20,Vacuum Cleaner,Home & Kitchen,4627.87,1,10,4165.09,West,Net Banking,Returning
ORD-10563,2026-03-20,System Design,Books,604.93,1,0,604.93,East,UPI,Premium
ORD-10405,2026-03-21,Cotton T-Shirt,Clothing,526.38,1,5,500.06,East,Debit Card,Returning
ORD-10870,2026-03-21,USB-C Hub,Electronics,1139.1,3,5,3246.43,West,Debit Card,Returning
ORD-10787,2026-03-21,Data Science Handbook,Books,698.78,1,15,593.96,East,Debit Card,Returning
ORD-10699,2026-03-21,Iron Press,Home & Kitchen,1046.4,2,15,1778.87,West,UPI,Wholesale
ORD-10049,2026-03-22,Smart Watch,Electronics,5541.38,1,0,5541.38,East,Net Banking,Returning
ORD-10226,2026-03-22,Data Science Handbook,Books,802.91,2,10,1445.23,North,UPI,New
ORD-10100,2026-03-22,USB-C Hub,Electronics,1072.97,2,10,1931.34,Central,UPI,New
ORD-10648,2026-03-22,Vacuum Cleaner,Home & Kitchen,4556.36,1,0,4556.36,West,UPI,New
ORD-10047,2026-03-22,Blender,Home & Kitchen,2095.37,3,0,6286.11,North,Credit Card,Premium
ORD-10237,2026-03-22,Air Purifier,Home & Kitchen,6325.52,3,10,17078.89,West,UPI,Wholesale
ORD-10969,2026-03-23,Running Shoes,Clothing,2886.79,2,5,5484.91,West,Net Banking,New
ORD-10627,2026-03-23,Denim Jeans,Clothing,1351.25,1,0,1351.25,East,Cash on Delivery,Wholesale
ORD-10544,2026-03-23,Iron Press,Home & Kitchen,994.76,1,20,795.81,West,Cash on Delivery,Returning
ORD-10445,2026-03-24,Vacuum Cleaner,Home & Kitchen,4729.34,2,5,8985.74,North,Credit Card,Wholesale
ORD-10169,2026-03-25,Cotton T-Shirt,Clothing,557.88,1,5,529.99,South,Net Banking,Premium
ORD-10990,2026-03-26,Wireless Headphones,Electronics,2034.35,1,0,2034.35,West,UPI,New
ORD-10501,2026-03-26,Data Science Handbook,Books,669.68,1,5,636.2,North,Debit Card,Returning
ORD-10329,2026-03-27,Python Crash Course,Books,412.65,2,15,701.5,East,Debit Card,Wholesale
ORD-10880,2026-03-27,Smart Watch,Electronics,4018.85,2,0,8037.7,West,Cash on Delivery,Premium
ORD-10632,2026-03-27,Python Crash Course,Books,524.02,1,15,445.41,South,Net Banking,Returning
ORD-10366,2026-03-29,Mechanical Keyboard,Electronics,3977.99,1,0,3977.99,Central,Net Banking,New
ORD-10447,2026-03-29,USB-C Hub,Electronics,1249.39,3,0,3748.18,North,Debit Card,Wholesale
ORD-10650,2026-03-29,Winter Jacket,Clothing,4310.37,1,0,4310.37,West,UPI,New
ORD-10076,2026-03-31,Winter Jacket,Clothing,4539.84,2,5,8625.69,South,Debit Card,Wholesale
ORD-10792,2026-03-31,Data Science Handbook,Books,875.12,2,0,1750.24,East,Cash on Delivery,Wholesale
ORD-10946,2026-04-01,Smart Watch,Electronics,5626.09,2,0,11252.18,East,Debit Card,Returning
ORD-10385,2026-04-01,System Design,Books,567.32,1,0,567.32,South,Net Banking,Wholesale
ORD-10889,2026-04-01,Winter Jacket,Clothing,3254.19,3,15,8298.18,Central,Net Banking,Returning
ORD-10245,2026-04-01,Formal Shirt,Clothing,1426.68,3,0,4280.05,South,Net Banking,New
ORD-10106,2026-04-01,Bluetooth Speaker,Electronics,2363.34,2,0,4726.68,North,Credit Card,New
ORD-10748,2026-04-02,Cotton T-Shirt,Clothing,658.75,2,15,1119.88,South,Debit Card,Returning
ORD-10727,2026-04-03,Vacuum Cleaner,Home & Kitchen,5012.04,2,0,10024.07,South,Net Banking,Returning
ORD-10013,2026-04-04,Python Crash Course,Books,578.2,1,0,578.2,Central,Debit Card,New
ORD-10941,2026-04-04,Running Shoes,Clothing,3154.57,1,0,3154.57,Central,Cash on Delivery,Premium
ORD-10948,2026-04-05,Denim Jeans,Clothing,1406.22,2,5,2671.82,South,Credit Card,Premium
ORD-10535,2026-04-05,Air Purifier,Home & Kitchen,4969.66,2,0,9939.31,South,UPI,Wholesale
ORD-10032,2026-04-05,Vacuum Cleaner,Home & Kitchen,3692.46,1,0,3692.46,Central,Debit Card,Wholesale
ORD-10423,2026-04-05,Bluetooth Speaker,Electronics,1654.38,1,10,1488.94,North,UPI,Premium
ORD-10188,2026-04-06,Smart Watch,Electronics,4548.17,2,0,9096.34,East,Debit Card,Returning
ORD-10896,2026-04-06,Blender,Home & Kitchen,1773.09,2,5,3368.88,East,Credit Card,Returning
ORD-10240,2026-04-06,Running Shoes,Clothing,3308.72,1,0,3308.72,East,Net Banking,Returning
ORD-10975,2026-04-06,Atomic Habits,Books,330.73,1,0,330.73,South,Credit Card,Wholesale
ORD-10173,2026-04-07,Cotton T-Shirt,Clothing,570.29,1,10,513.27,West,Cash on Delivery,Premium
ORD-10641,2026-04-07,Running Shoes,Clothing,2703.46,2,0,5406.92,East,Net Banking,Wholesale
ORD-10107,2026-04-07,Vacuum Cleaner,Home & Kitchen,4105.59,2,20,6568.95,East,Net Banking,Wholesale
ORD-10255,2026-04-08,System Design,Books,643.54,3,5,1834.1,East,Credit Card,Returning
ORD-10044,2026-04-09,Data Science Handbook,Books,766.17,2,10,1379.11,Central,Cash on Delivery,Wholesale
ORD-10320,2026-04-09,USB-C Hub,Electronics,1389.73,1,10,1250.75,South,Cash on Delivery,Returning
ORD-10756,2026-04-11,Bluetooth Speaker,Electronics,1863.19,1,0,1863.19,South,Debit Card,New
ORD-10010,2026-04-12,Mechanical Keyboard,Electronics,3913.94,1,0,3913.94,South,Credit Card,Wholesale
ORD-10479,2026-04-14,Mechanical Keyboard,Electronics,3229.99,2,5,6136.98,South,Credit Card,Returning
ORD-10808,2026-04-14,Running Shoes,Clothing,2501.65,2,15,4252.8,Central,Credit Card,Returning
ORD-10311,2026-04-15,Blender,Home & Kitchen,2123.2,1,0,2123.2,North,Credit Card,Wholesale
ORD-10426,2026-04-15,Atomic Habits,Books,325.2,3,10,878.03,North,Credit Card,New
ORD-10481,2026-04-16,Coffee Maker,Home & Kitchen,2857.67,1,20,2286.14,North,Cash on Delivery,Premium
ORD-10939,2026-04-16,Winter Jacket,Clothing,4762.71,1,0,4762.71,North,UPI,Returning
ORD-10537,2026-04-16,USB-C Hub,Electronics,1183.84,1,15,1006.26,Central,Cash on Delivery,Returning
ORD-10260,2026-04-17,Formal Shirt,Clothing,1065.1,1,0,1065.1,North,Credit Card,Wholesale
ORD-10137,2026-04-17,Iron Press,Home & Kitchen,1081.51,3,0,3244.52,North,Credit Card,Returning
ORD-10230,2026-04-18,Coffee Maker,Home & Kitchen,2974.8,1,0,2974.8,North,Cash on Delivery,Returning
ORD-10346,2026-04-18,Air Purifier,Home & Kitchen,5972.36,1,10,5375.12,North,UPI,Wholesale
ORD-10393,2026-04-18,System Design,Books,678.01,1,10,610.21,East,Cash on Delivery,Wholesale
ORD-10654,2026-04-19,Clean Code,Books,705.59,1,0,705.59,East,Net Banking,Wholesale
ORD-10506,2026-04-19,Atomic Habits,Books,353.5,3,15,901.43,West,Debit Card,Wholesale
ORD-10600,2026-04-19,Air Purifier,Home & Kitchen,6032.82,2,0,12065.65,West,UPI,Premium
ORD-10690,2026-04-20,Bluetooth Speaker,Electronics,2042.76,1,0,2042.76,West,Credit Card,Wholesale
ORD-10039,2026-04-20,System Design,Books,628.73,1,20,502.99,North,Credit Card,New
ORD-10167,2026-04-20,Coffee Maker,Home & Kitchen,2108.27,1,10,1897.44,West,UPI,Returning
ORD-10042,2026-04-21,Wireless Headphones,Electronics,2310.8,2,0,4621.59,North,Cash on Delivery,Returning
ORD-10687,2026-04-21,Python Crash Course,Books,528.06,1,0,528.06,East,Credit Card,New
ORD-10888,2026-04-21,Blender,Home & Kitchen,1467.09,2,0,2934.18,West,Credit Card,Returning
ORD-10344,2026-04-21,Bluetooth Speaker,Electronics,1740.87,2,15,2959.47,West,Net Banking,Wholesale
ORD-10093,2026-04-22,Running Shoes,Clothing,3442.97,3,0,10328.91,Central,Net Banking,Returning
ORD-10459,2026-04-22,Bluetooth Speaker,Electronics,2216.73,2,0,4433.46,North,Net Banking,Wholesale
ORD-10515,2026-04-22,Bluetooth Speaker,Electronics,2244.21,1,0,2244.21,Central,UPI,Premium
ORD-10350,2026-04-23,USB-C Hub,Electronics,1281.74,1,5,1217.65,North,UPI,Premium
ORD-10576,2026-04-25,Winter Jacket,Clothing,3987.51,1,15,3389.39,West,Credit Card,New
ORD-10446,2026-04-26,Winter Jacket,Clothing,3689.92,1,5,3505.42,North,Credit Card,New
ORD-10565,2026-04-26,Bluetooth Speaker,Electronics,1752.97,2,0,3505.94,Central,UPI,Wholesale
ORD-10475,2026-04-26,Denim Jeans,Clothing,1444.3,3,15,3682.97,Central,Net Banking,New
ORD-10101,2026-04-29,Denim Jeans,Clothing,1227.35,1,0,1227.35,North,Credit Card,Returning
ORD-10407,2026-04-29,Formal Shirt,Clothing,1470.15,2,0,2940.3,Central,Debit Card,New
ORD-10809,2026-04-29,Coffee Maker,Home & Kitchen,2428.18,2,0,4856.36,West,Cash on Delivery,Wholesale
ORD-10198,2026-04-30,Atomic Habits,Books,436.85,2,0,873.71,North,Net Banking,Wholesale
ORD-10637,2026-04-30,Winter Jacket,Clothing,4488.44,2,5,8528.04,West,Net Banking,Premium
ORD-10284,2026-04-30,Mechanical Keyboard,Electronics,3814.17,1,5,3623.46,West,Debit Card,Premium
ORD-10056,2026-04-30,Vacuum Cleaner,Home & Kitchen,4737.02,2,0,9474.05,Central,Credit Card,Premium
ORD-10758,2026-05-02,Running Shoes,Clothing,3311.96,1,5,3146.36,Central,Net Banking,Returning
ORD-10625,2026-05-02,Running Shoes,Clothing,2892.46,1,0,2892.46,West,Credit Card,Wholesale
ORD-10619,2026-05-03,Air Purifier,Home & Kitchen,5263.37,3,15,13421.59,Central,Cash on Delivery,Returning
ORD-10335,2026-05-04,System Design,Books,560.81,1,15,476.69,East,Credit Card,New
ORD-10504,2026-05-05,Bluetooth Speaker,Electronics,1945.56,1,5,1848.28,South,Net Banking,New
ORD-10488,2026-05-05,Denim Jeans,Clothing,1302.15,1,0,1302.15,East,Net Banking,Returning
ORD-10148,2026-05-05,Winter Jacket,Clothing,3536.18,2,0,7072.35,Central,Credit Card,Premium
ORD-10562,2026-05-06,Clean Code,Books,748.6,2,20,1197.76,South,Net Banking,New
ORD-10024,2026-05-07,Python Crash Course,Books,511.87,1,0,511.87,Central,Cash on Delivery,Returning
ORD-10835,2026-05-07,Denim Jeans,Clothing,1420.66,1,0,1420.66,East,UPI,Wholesale
ORD-10135,2026-05-07,Cotton T-Shirt,Clothing,676.75,1,15,575.24,South,Debit Card,Returning
ORD-10569,2026-05-07,Clean Code,Books,818.85,2,0,1637.69,North,Cash on Delivery,Premium
ORD-10737,2026-05-08,Vacuum Cleaner,Home & Kitchen,4732.28,2,0,9464.56,South,Net Banking,Wholesale
ORD-10679,2026-05-08,Smart Watch,Electronics,5598.45,3,0,16795.34,West,Debit Card,New
ORD-10124,2026-05-08,Atomic Habits,Books,469.8,2,0,939.6,West,UPI,New
ORD-10532,2026-05-09,Python Crash Course,Books,598.25,2,10,1076.85,South,Credit Card,Premium
ORD-10855,2026-05-11,System Design,Books,541.19,1,20,432.95,North,Credit Card,New
ORD-10754,2026-05-11,Coffee Maker,Home & Kitchen,2950.22,1,20,2360.17,East,Credit Card,Premium
ORD-10469,2026-05-12,Bluetooth Speaker,Electronics,2016.15,1,15,1713.73,South,Credit Card,New
ORD-10645,2026-05-12,Vacuum Cleaner,Home & Kitchen,4240.93,1,15,3604.79,Central,UPI,Wholesale
ORD-10757,2026-05-12,Cotton T-Shirt,Clothing,681.5,3,0,2044.49,East,Credit Card,Wholesale
ORD-10686,2026-05-12,USB-C Hub,Electronics,1173.31,2,0,2346.62,South,Credit Card,Returning
ORD-10265,2026-05-12,Coffee Maker,Home & Kitchen,2344.98,1,0,2344.98,East,Debit Card,Wholesale
ORD-10140,2026-05-14,Running Shoes,Clothing,3268.7,2,20,5229.92,West,Net Banking,New
ORD-10718,2026-05-14,Iron Press,Home & Kitchen,854.39,2,5,1623.35,Central,Cash on Delivery,New
ORD-10358,2026-05-15,System Design,Books,529.68,1,15,450.23,East,UPI,Returning
ORD-10649,2026-05-15,Air Purifier,Home & Kitchen,5942.52,1,0,5942.52,South,Net Banking,Wholesale
ORD-10859,2026-05-15,USB-C Hub,Electronics,1547.09,2,15,2630.05,West,Cash on Delivery,Wholesale
ORD-10607,2026-05-16,Running Shoes,Clothing,3121.9,1,0,3121.9,East,UPI,Premium
ORD-10218,2026-05-16,Winter Jacket,Clothing,3543.44,2,0,7086.87,South,Net Banking,New
ORD-10735,2026-05-16,Running Shoes,Clothing,3405.49,2,10,6129.88,North,Cash on Delivery,Wholesale
ORD-10973,2026-05-16,Vacuum Cleaner,Home & Kitchen,3856.65,1,0,3856.65,East,UPI,Returning
ORD-10968,2026-05-17,Denim Jeans,Clothing,1420.29,2,0,2840.58,North,Net Banking,Premium
